caso,zona,mes,variable,valor,horas
CB,PLANTABAJA:PBXESX01,1,temperatura_operativa_C,26.611609314426406,744
CB,PLANTABAJA:PBXESX01,2,temperatura_operativa_C,27.44105578738932,672
CB,PLANTABAJA:PBXESX01,3,temperatura_operativa_C,28.30290333185228,744
CB,PLANTABAJA:PBXESX01,4,temperatura_operativa_C,27.49739737882525,720
CB,PLANTABAJA:PBXESX01,5,temperatura_operativa_C,27.427900739966095,744
CB,PLANTABAJA:PBXESX01,6,temperatura_operativa_C,26.15204045721375,720
CB,PLANTABAJA:PBXESX01,7,temperatura_operativa_C,24.831261248325923,744
CB,PLANTABAJA:PBXESX01,8,temperatura_operativa_C,24.734304585363905,744
CB,PLANTABAJA:PBXESX01,9,temperatura_operativa_C,24.38737557858186,720
CB,PLANTABAJA:PBXESX01,10,temperatura_operativa_C,24.523944625754655,744
CB,PLANTABAJA:PBXESX01,11,temperatura_operativa_C,24.53577963287349,720
CB,PLANTABAJA:PBXESX01,12,temperatura_operativa_C,25.56416961227615,744
CB,PLANTABAJA:PBXBOX01,1,temperatura_operativa_C,26.568960823244772,744
CB,PLANTABAJA:PBXBOX01,2,temperatura_operativa_C,27.658545067993735,672
CB,PLANTABAJA:PBXBOX01,3,temperatura_operativa_C,28.731915589267853,744
CB,PLANTABAJA:PBXBOX01,4,temperatura_operativa_C,27.83599914927766,720
CB,PLANTABAJA:PBXBOX01,5,temperatura_operativa_C,27.971005388459172,744
CB,PLANTABAJA:PBXBOX01,6,temperatura_operativa_C,26.500909343068127,720
CB,PLANTABAJA:PBXBOX01,7,temperatura_operativa_C,24.912348407570715,744
CB,PLANTABAJA:PBXBOX01,8,temperatura_operativa_C,24.944883701648806,744
CB,PLANTABAJA:PBXBOX01,9,temperatura_operativa_C,24.45899819464238,720
CB,PLANTABAJA:PBXBOX01,10,temperatura_operativa_C,24.486299439103476,744
CB,PLANTABAJA:PBXBOX01,11,temperatura_operativa_C,24.420390080571472,720
CB,PLANTABAJA:PBXBOX01,12,temperatura_operativa_C,25.492522125475947,744
CB,PLANTABAJA:PBXBAX01,1,temperatura_operativa_C,26.815933813173732,744
CB,PLANTABAJA:PBXBAX01,2,temperatura_operativa_C,27.927883289690097,672
CB,PLANTABAJA:PBXBAX01,3,temperatura_operativa_C,28.953672693224664,744
CB,PLANTABAJA:PBXBAX01,4,temperatura_operativa_C,28.12563751954551,720
CB,PLANTABAJA:PBXBAX01,5,temperatura_operativa_C,28.247069162912908,744
CB,PLANTABAJA:PBXBAX01,6,temperatura_operativa_C,26.74118650033872,720
CB,PLANTABAJA:PBXBAX01,7,temperatura_operativa_C,25.14399300155207,744
CB,PLANTABAJA:PBXBAX01,8,temperatura_operativa_C,25.1263787946959,744
CB,PLANTABAJA:PBXBAX01,9,temperatura_operativa_C,24.613406302324712,720
CB,PLANTABAJA:PBXBAX01,10,temperatura_operativa_C,24.667444729326274,744
CB,PLANTABAJA:PBXBAX01,11,temperatura_operativa_C,24.627453637221127,720
CB,PLANTABAJA:PBXBAX01,12,temperatura_operativa_C,25.733617012555236,744
CB,PLANTABAJA:PBXREX01,1,temperatura_operativa_C,26.568273857476992,744
CB,PLANTABAJA:PBXREX01,2,temperatura_operativa_C,27.448194167993776,672
CB,PLANTABAJA:PBXREX01,3,temperatura_operativa_C,28.312610222964963,744
CB,PLANTABAJA:PBXREX01,4,temperatura_operativa_C,27.56096067550944,720
CB,PLANTABAJA:PBXREX01,5,temperatura_operativa_C,27.52511270274846,744
CB,PLANTABAJA:PBXREX01,6,temperatura_operativa_C,26.23800000496817,720
CB,PLANTABAJA:PBXREX01,7,temperatura_operativa_C,24.86711788504839,744
CB,PLANTABAJA:PBXREX01,8,temperatura_operativa_C,24.731434382691585,744
CB,PLANTABAJA:PBXREX01,9,temperatura_operativa_C,24.349337584526296,720
CB,PLANTABAJA:PBXREX01,10,temperatura_operativa_C,24.483449781828025,744
CB,PLANTABAJA:PBXREX01,11,temperatura_operativa_C,24.460945084815346,720
CB,PLANTABAJA:PBXREX01,12,temperatura_operativa_C,25.51855982782145,744
CB,PLANTABAJA:ASCENSOR,1,temperatura_operativa_C,26.79259086496985,744
CB,PLANTABAJA:ASCENSOR,2,temperatura_operativa_C,27.532460673025998,672
CB,PLANTABAJA:ASCENSOR,3,temperatura_operativa_C,28.401277556559396,744
CB,PLANTABAJA:ASCENSOR,4,temperatura_operativa_C,27.65391984052963,720
CB,PLANTABAJA:ASCENSOR,5,temperatura_operativa_C,27.42039190922022,744
CB,PLANTABAJA:ASCENSOR,6,temperatura_operativa_C,26.192976045627073,720
CB,PLANTABAJA:ASCENSOR,7,temperatura_operativa_C,24.92489449612498,744
CB,PLANTABAJA:ASCENSOR,8,temperatura_operativa_C,24.71450393100322,744
CB,PLANTABAJA:ASCENSOR,9,temperatura_operativa_C,24.39417104146913,720
CB,PLANTABAJA:ASCENSOR,10,temperatura_operativa_C,24.542952786436736,744
CB,PLANTABAJA:ASCENSOR,11,temperatura_operativa_C,24.661388941680052,720
CB,PLANTABAJA:ASCENSOR,12,temperatura_operativa_C,25.714386796674198,744
CB,PLANTABAJA:PBXSEX01,1,temperatura_operativa_C,26.811140686135374,744
CB,PLANTABAJA:PBXSEX01,2,temperatura_operativa_C,27.48898729935409,672
CB,PLANTABAJA:PBXSEX01,3,temperatura_operativa_C,28.166453661213087,744
CB,PLANTABAJA:PBXSEX01,4,temperatura_operativa_C,27.501241688557453,720
CB,PLANTABAJA:PBXSEX01,5,temperatura_operativa_C,27.232123269550915,744
CB,PLANTABAJA:PBXSEX01,6,temperatura_operativa_C,26.049832299627592,720
CB,PLANTABAJA:PBXSEX01,7,temperatura_operativa_C,24.856372502484867,744
CB,PLANTABAJA:PBXSEX01,8,temperatura_operativa_C,24.605849304108897,744
CB,PLANTABAJA:PBXSEX01,9,temperatura_operativa_C,24.34834759384439,720
CB,PLANTABAJA:PBXSEX01,10,temperatura_operativa_C,24.601738826303897,744
CB,PLANTABAJA:PBXSEX01,11,temperatura_operativa_C,24.723581536653356,720
CB,PLANTABAJA:PBXSEX01,12,temperatura_operativa_C,25.79362444691943,744
CB,PLANTABAJA:PBXOFX03,1,temperatura_operativa_C,27.33193529469147,744
CB,PLANTABAJA:PBXOFX03,2,temperatura_operativa_C,28.07271074397082,672
CB,PLANTABAJA:PBXOFX03,3,temperatura_operativa_C,28.631640417677342,744
CB,PLANTABAJA:PBXOFX03,4,temperatura_operativa_C,27.624934593899503,720
CB,PLANTABAJA:PBXOFX03,5,temperatura_operativa_C,27.27211748772914,744
CB,PLANTABAJA:PBXOFX03,6,temperatura_operativa_C,26.040646601026562,720
CB,PLANTABAJA:PBXOFX03,7,temperatura_operativa_C,24.948088705742343,744
CB,PLANTABAJA:PBXOFX03,8,temperatura_operativa_C,24.829477293958398,744
CB,PLANTABAJA:PBXOFX03,9,temperatura_operativa_C,24.731074428138886,720
CB,PLANTABAJA:PBXOFX03,10,temperatura_operativa_C,25.119912546385915,744
CB,PLANTABAJA:PBXOFX03,11,temperatura_operativa_C,25.29783838571392,720
CB,PLANTABAJA:PBXOFX03,12,temperatura_operativa_C,26.3727464422024,744
CB,PLANTABAJA:PBXOFX02,1,temperatura_operativa_C,27.36728540533049,744
CB,PLANTABAJA:PBXOFX02,2,temperatura_operativa_C,28.080813935586733,672
CB,PLANTABAJA:PBXOFX02,3,temperatura_operativa_C,28.635846126746358,744
CB,PLANTABAJA:PBXOFX02,4,temperatura_operativa_C,27.690623531065775,720
CB,PLANTABAJA:PBXOFX02,5,temperatura_operativa_C,27.39530571501815,744
CB,PLANTABAJA:PBXOFX02,6,temperatura_operativa_C,26.20923467096616,720
CB,PLANTABAJA:PBXOFX02,7,temperatura_operativa_C,25.14689274749914,744
CB,PLANTABAJA:PBXOFX02,8,temperatura_operativa_C,25.049274310405316,744
CB,PLANTABAJA:PBXOFX02,9,temperatura_operativa_C,24.928494422782084,720
CB,PLANTABAJA:PBXOFX02,10,temperatura_operativa_C,25.272424515195556,744
CB,PLANTABAJA:PBXOFX02,11,temperatura_operativa_C,25.465250424905825,720
CB,PLANTABAJA:PBXOFX02,12,temperatura_operativa_C,26.485408949662474,744
CB,PLANTABAJA:PBXOFX01,1,temperatura_operativa_C,27.275802643269756,744
CB,PLANTABAJA:PBXOFX01,2,temperatura_operativa_C,28.17424733283933,672
CB,PLANTABAJA:PBXOFX01,3,temperatura_operativa_C,28.807143691068514,744
CB,PLANTABAJA:PBXOFX01,4,temperatura_operativa_C,27.75194145384705,720
CB,PLANTABAJA:PBXOFX01,5,temperatura_operativa_C,27.75715567507816,744
CB,PLANTABAJA:PBXOFX01,6,temperatura_operativa_C,26.50394527751236,720
CB,PLANTABAJA:PBXOFX01,7,temperatura_operativa_C,25.295239786482437,744
CB,PLANTABAJA:PBXOFX01,8,temperatura_operativa_C,25.39374747807077,744
CB,PLANTABAJA:PBXOFX01,9,temperatura_operativa_C,25.174968169087315,720
CB,PLANTABAJA:PBXOFX01,10,temperatura_operativa_C,25.441414511647576,744
CB,PLANTABAJA:PBXOFX01,11,temperatura_operativa_C,25.50625304985977,720
CB,PLANTABAJA:PBXOFX01,12,temperatura_operativa_C,26.482526924137517,744
CB,PRIMERAPLANTAALTA:1PAXDC,1,temperatura_operativa_C,24.26989437948348,744
CB,PRIMERAPLANTAALTA:1PAXDC,2,temperatura_operativa_C,24.56740922467889,672
CB,PRIMERAPLANTAALTA:1PAXDC,3,temperatura_operativa_C,24.847577100378167,744
CB,PRIMERAPLANTAALTA:1PAXDC,4,temperatura_operativa_C,24.420558968165874,720
CB,PRIMERAPLANTAALTA:1PAXDC,5,temperatura_operativa_C,24.459900271352478,744
CB,PRIMERAPLANTAALTA:1PAXDC,6,temperatura_operativa_C,24.069209285836475,720
CB,PRIMERAPLANTAALTA:1PAXDC,7,temperatura_operativa_C,23.6765619143795,744
CB,PRIMERAPLANTAALTA:1PAXDC,8,temperatura_operativa_C,23.783801178590096,744
CB,PRIMERAPLANTAALTA:1PAXDC,9,temperatura_operativa_C,23.69181100523664,720
CB,PRIMERAPLANTAALTA:1PAXDC,10,temperatura_operativa_C,23.760242089987333,744
CB,PRIMERAPLANTAALTA:1PAXDC,11,temperatura_operativa_C,23.70866350528407,720
CB,PRIMERAPLANTAALTA:1PAXDC,12,temperatura_operativa_C,23.954712066885243,744
CB,PRIMERAPLANTAALTA:1PAXES,1,temperatura_operativa_C,27.678142575835384,744
CB,PRIMERAPLANTAALTA:1PAXES,2,temperatura_operativa_C,28.584416372878373,672
CB,PRIMERAPLANTAALTA:1PAXES,3,temperatura_operativa_C,29.798170579535245,744
CB,PRIMERAPLANTAALTA:1PAXES,4,temperatura_operativa_C,28.227420347998173,720
CB,PRIMERAPLANTAALTA:1PAXES,5,temperatura_operativa_C,28.156264698584316,744
CB,PRIMERAPLANTAALTA:1PAXES,6,temperatura_operativa_C,26.748434588934124,720
CB,PRIMERAPLANTAALTA:1PAXES,7,temperatura_operativa_C,25.326901334098118,744
CB,PRIMERAPLANTAALTA:1PAXES,8,temperatura_operativa_C,25.44165928444175,744
CB,PRIMERAPLANTAALTA:1PAXES,9,temperatura_operativa_C,25.070402959702395,720
CB,PRIMERAPLANTAALTA:1PAXES,10,temperatura_operativa_C,25.34178959407328,744
CB,PRIMERAPLANTAALTA:1PAXES,11,temperatura_operativa_C,25.204549415541532,720
CB,PRIMERAPLANTAALTA:1PAXES,12,temperatura_operativa_C,26.18435580566927,744
CB,PRIMERAPLANTAALTA:ASCENSOR,1,temperatura_operativa_C,27.42742658423711,744
CB,PRIMERAPLANTAALTA:ASCENSOR,2,temperatura_operativa_C,28.250775134204893,672
CB,PRIMERAPLANTAALTA:ASCENSOR,3,temperatura_operativa_C,29.454331616231606,744
CB,PRIMERAPLANTAALTA:ASCENSOR,4,temperatura_operativa_C,28.090643235790775,720
CB,PRIMERAPLANTAALTA:ASCENSOR,5,temperatura_operativa_C,27.856363813284354,744
CB,PRIMERAPLANTAALTA:ASCENSOR,6,temperatura_operativa_C,26.51338874637403,720
CB,PRIMERAPLANTAALTA:ASCENSOR,7,temperatura_operativa_C,25.17079289251601,744
CB,PRIMERAPLANTAALTA:ASCENSOR,8,temperatura_operativa_C,25.08625841516876,744
CB,PRIMERAPLANTAALTA:ASCENSOR,9,temperatura_operativa_C,24.735676878163456,720
CB,PRIMERAPLANTAALTA:ASCENSOR,10,temperatura_operativa_C,24.96576954622274,744
CB,PRIMERAPLANTAALTA:ASCENSOR,11,temperatura_operativa_C,24.980214919084776,720
CB,PRIMERAPLANTAALTA:ASCENSOR,12,temperatura_operativa_C,25.9913494684978,744
CB,PRIMERAPLANTAALTA:1PAXSR,1,temperatura_operativa_C,27.040790959687794,744
CB,PRIMERAPLANTAALTA:1PAXSR,2,temperatura_operativa_C,28.099154629265925,672
CB,PRIMERAPLANTAALTA:1PAXSR,3,temperatura_operativa_C,29.162257177241724,744
CB,PRIMERAPLANTAALTA:1PAXSR,4,temperatura_operativa_C,28.05413262599191,720
CB,PRIMERAPLANTAALTA:1PAXSR,5,temperatura_operativa_C,28.29162959144903,744
CB,PRIMERAPLANTAALTA:1PAXSR,6,temperatura_operativa_C,27.038873295215236,720
CB,PRIMERAPLANTAALTA:1PAXSR,7,temperatura_operativa_C,25.596071055135322,744
CB,PRIMERAPLANTAALTA:1PAXSR,8,temperatura_operativa_C,25.780672316062034,744
CB,PRIMERAPLANTAALTA:1PAXSR,9,temperatura_operativa_C,25.298350472154805,720
CB,PRIMERAPLANTAALTA:1PAXSR,10,temperatura_operativa_C,25.348459173847992,744
CB,PRIMERAPLANTAALTA:1PAXSR,11,temperatura_operativa_C,25.097527887550697,720
CB,PRIMERAPLANTAALTA:1PAXSR,12,temperatura_operativa_C,25.945595928693642,744
CB,PRIMERAPLANTAALTA:1PAXPAS,1,temperatura_operativa_C,28.39814988788526,744
CB,PRIMERAPLANTAALTA:1PAXPAS,2,temperatura_operativa_C,29.117858479215187,672
CB,PRIMERAPLANTAALTA:1PAXPAS,3,temperatura_operativa_C,30.097811853456594,744
CB,PRIMERAPLANTAALTA:1PAXPAS,4,temperatura_operativa_C,28.53827116596838,720
CB,PRIMERAPLANTAALTA:1PAXPAS,5,temperatura_operativa_C,28.18205893903625,744
CB,PRIMERAPLANTAALTA:1PAXPAS,6,temperatura_operativa_C,26.830764976839983,720
CB,PRIMERAPLANTAALTA:1PAXPAS,7,temperatura_operativa_C,25.55037706314304,744
CB,PRIMERAPLANTAALTA:1PAXPAS,8,temperatura_operativa_C,25.543947227348102,744
CB,PRIMERAPLANTAALTA:1PAXPAS,9,temperatura_operativa_C,25.321416546811427,720
CB,PRIMERAPLANTAALTA:1PAXPAS,10,temperatura_operativa_C,25.787728957480756,744
CB,PRIMERAPLANTAALTA:1PAXPAS,11,temperatura_operativa_C,25.82100249695514,720
CB,PRIMERAPLANTAALTA:1PAXPAS,12,temperatura_operativa_C,26.873658779314134,744
CB,PRIMERAPLANTAALTA:1PAXOFX02,1,temperatura_operativa_C,27.209344341211857,744
CB,PRIMERAPLANTAALTA:1PAXOFX02,2,temperatura_operativa_C,27.97937172213023,672
CB,PRIMERAPLANTAALTA:1PAXOFX02,3,temperatura_operativa_C,28.746246543077323,744
CB,PRIMERAPLANTAALTA:1PAXOFX02,4,temperatura_operativa_C,27.95106279552308,720
CB,PRIMERAPLANTAALTA:1PAXOFX02,5,temperatura_operativa_C,27.86221690719142,744
CB,PRIMERAPLANTAALTA:1PAXOFX02,6,temperatura_operativa_C,26.763481575648278,720
CB,PRIMERAPLANTAALTA:1PAXOFX02,7,temperatura_operativa_C,25.554078979118735,744
CB,PRIMERAPLANTAALTA:1PAXOFX02,8,temperatura_operativa_C,25.458256300453336,744
CB,PRIMERAPLANTAALTA:1PAXOFX02,9,temperatura_operativa_C,25.10753385943123,720
CB,PRIMERAPLANTAALTA:1PAXOFX02,10,temperatura_operativa_C,25.294318296299533,744
CB,PRIMERAPLANTAALTA:1PAXOFX02,11,temperatura_operativa_C,25.22953875726374,720
CB,PRIMERAPLANTAALTA:1PAXOFX02,12,temperatura_operativa_C,26.11827513286709,744
CB,PRIMERAPLANTAALTA:1PAXBAX02,1,temperatura_operativa_C,28.734080530113964,744
CB,PRIMERAPLANTAALTA:1PAXBAX02,2,temperatura_operativa_C,29.80449481843926,672
CB,PRIMERAPLANTAALTA:1PAXBAX02,3,temperatura_operativa_C,30.80169280465347,744
CB,PRIMERAPLANTAALTA:1PAXBAX02,4,temperatura_operativa_C,28.542154050279898,720
CB,PRIMERAPLANTAALTA:1PAXBAX02,5,temperatura_operativa_C,28.289654557534035,744
CB,PRIMERAPLANTAALTA:1PAXBAX02,6,temperatura_operativa_C,26.646661848720537,720
CB,PRIMERAPLANTAALTA:1PAXBAX02,7,temperatura_operativa_C,25.33824403353947,744
CB,PRIMERAPLANTAALTA:1PAXBAX02,8,temperatura_operativa_C,25.694733743038054,744
CB,PRIMERAPLANTAALTA:1PAXBAX02,9,temperatura_operativa_C,25.625896823169988,720
CB,PRIMERAPLANTAALTA:1PAXBAX02,10,temperatura_operativa_C,26.251542098527246,744
CB,PRIMERAPLANTAALTA:1PAXBAX02,11,temperatura_operativa_C,26.234556631422986,720
CB,PRIMERAPLANTAALTA:1PAXBAX02,12,temperatura_operativa_C,27.371492616446847,744
CB,PRIMERAPLANTAALTA:1PAXBAX01,1,temperatura_operativa_C,29.24302841198718,744
CB,PRIMERAPLANTAALTA:1PAXBAX01,2,temperatura_operativa_C,30.10181656317677,672
CB,PRIMERAPLANTAALTA:1PAXBAX01,3,temperatura_operativa_C,30.868384717446535,744
CB,PRIMERAPLANTAALTA:1PAXBAX01,4,temperatura_operativa_C,29.025542002284258,720
CB,PRIMERAPLANTAALTA:1PAXBAX01,5,temperatura_operativa_C,28.37324557535845,744
CB,PRIMERAPLANTAALTA:1PAXBAX01,6,temperatura_operativa_C,26.889802734268187,720
CB,PRIMERAPLANTAALTA:1PAXBAX01,7,temperatura_operativa_C,25.593535848651477,744
CB,PRIMERAPLANTAALTA:1PAXBAX01,8,temperatura_operativa_C,25.61346775974546,744
CB,PRIMERAPLANTAALTA:1PAXBAX01,9,temperatura_operativa_C,25.67721580411169,720
CB,PRIMERAPLANTAALTA:1PAXBAX01,10,temperatura_operativa_C,26.414638898022854,744
CB,PRIMERAPLANTAALTA:1PAXBAX01,11,temperatura_operativa_C,26.598803290032752,720
CB,PRIMERAPLANTAALTA:1PAXBAX01,12,temperatura_operativa_C,27.73553988345991,744
CB,PRIMERAPLANTAALTA:ATRIO1PA,1,temperatura_operativa_C,28.882601918394762,744
CB,PRIMERAPLANTAALTA:ATRIO1PA,2,temperatura_operativa_C,29.627636158592704,672
CB,PRIMERAPLANTAALTA:ATRIO1PA,3,temperatura_operativa_C,30.55872830594649,744
CB,PRIMERAPLANTAALTA:ATRIO1PA,4,temperatura_operativa_C,28.782241605501078,720
CB,PRIMERAPLANTAALTA:ATRIO1PA,5,temperatura_operativa_C,28.28478344915208,744
CB,PRIMERAPLANTAALTA:ATRIO1PA,6,temperatura_operativa_C,26.80886850579503,720
CB,PRIMERAPLANTAALTA:ATRIO1PA,7,temperatura_operativa_C,25.474980280248968,744
CB,PRIMERAPLANTAALTA:ATRIO1PA,8,temperatura_operativa_C,25.47009973417849,744
CB,PRIMERAPLANTAALTA:ATRIO1PA,9,temperatura_operativa_C,25.311816678138605,720
CB,PRIMERAPLANTAALTA:ATRIO1PA,10,temperatura_operativa_C,25.964663894828874,744
CB,PRIMERAPLANTAALTA:ATRIO1PA,11,temperatura_operativa_C,26.081064983797944,720
CB,PRIMERAPLANTAALTA:ATRIO1PA,12,temperatura_operativa_C,27.245111244043304,744
CB,PRIMERAPLANTAALTA:1PAXOFX03,1,temperatura_operativa_C,27.274715759433015,744
CB,PRIMERAPLANTAALTA:1PAXOFX03,2,temperatura_operativa_C,28.115465307247806,672
CB,PRIMERAPLANTAALTA:1PAXOFX03,3,temperatura_operativa_C,28.87994098667067,744
CB,PRIMERAPLANTAALTA:1PAXOFX03,4,temperatura_operativa_C,27.729570137275804,720
CB,PRIMERAPLANTAALTA:1PAXOFX03,5,temperatura_operativa_C,27.523971093434568,744
CB,PRIMERAPLANTAALTA:1PAXOFX03,6,temperatura_operativa_C,26.24348280115176,720
CB,PRIMERAPLANTAALTA:1PAXOFX03,7,temperatura_operativa_C,24.99887616071682,744
CB,PRIMERAPLANTAALTA:1PAXOFX03,8,temperatura_operativa_C,24.951657923235576,744
CB,PRIMERAPLANTAALTA:1PAXOFX03,9,temperatura_operativa_C,24.71053969429893,720
CB,PRIMERAPLANTAALTA:1PAXOFX03,10,temperatura_operativa_C,25.054974255723433,744
CB,PRIMERAPLANTAALTA:1PAXOFX03,11,temperatura_operativa_C,25.01898681703257,720
CB,PRIMERAPLANTAALTA:1PAXOFX03,12,temperatura_operativa_C,26.06744335917348,744
CB,PRIMERAPLANTAALTA:1PAXOFX01,1,temperatura_operativa_C,28.069251586224492,744
CB,PRIMERAPLANTAALTA:1PAXOFX01,2,temperatura_operativa_C,28.91073952297466,672
CB,PRIMERAPLANTAALTA:1PAXOFX01,3,temperatura_operativa_C,29.69018897007645,744
CB,PRIMERAPLANTAALTA:1PAXOFX01,4,temperatura_operativa_C,28.105573140534478,720
CB,PRIMERAPLANTAALTA:1PAXOFX01,5,temperatura_operativa_C,27.603727470243857,744
CB,PRIMERAPLANTAALTA:1PAXOFX01,6,temperatura_operativa_C,26.29652278405638,720
CB,PRIMERAPLANTAALTA:1PAXOFX01,7,temperatura_operativa_C,25.136561825082573,744
CB,PRIMERAPLANTAALTA:1PAXOFX01,8,temperatura_operativa_C,25.206476260513448,744
CB,PRIMERAPLANTAALTA:1PAXOFX01,9,temperatura_operativa_C,25.19425659290012,720
CB,PRIMERAPLANTAALTA:1PAXOFX01,10,temperatura_operativa_C,25.721770814498438,744
CB,PRIMERAPLANTAALTA:1PAXOFX01,11,temperatura_operativa_C,25.76059883731875,720
CB,PRIMERAPLANTAALTA:1PAXOFX01,12,temperatura_operativa_C,26.766541682589907,744
CB,SEGUNDAPLANTAALTA:2PAXBAX01,1,temperatura_operativa_C,29.37426322965539,744
CB,SEGUNDAPLANTAALTA:2PAXBAX01,2,temperatura_operativa_C,30.708125752222138,672
CB,SEGUNDAPLANTAALTA:2PAXBAX01,3,temperatura_operativa_C,31.844828539252948,744
CB,SEGUNDAPLANTAALTA:2PAXBAX01,4,temperatura_operativa_C,29.223241754885258,720
CB,SEGUNDAPLANTAALTA:2PAXBAX01,5,temperatura_operativa_C,28.988928038259317,744
CB,SEGUNDAPLANTAALTA:2PAXBAX01,6,temperatura_operativa_C,27.034083501746405,720
CB,SEGUNDAPLANTAALTA:2PAXBAX01,7,temperatura_operativa_C,25.451055668158123,744
CB,SEGUNDAPLANTAALTA:2PAXBAX01,8,temperatura_operativa_C,25.95194520226523,744
CB,SEGUNDAPLANTAALTA:2PAXBAX01,9,temperatura_operativa_C,25.883516431457384,720
CB,SEGUNDAPLANTAALTA:2PAXBAX01,10,temperatura_operativa_C,26.60751235559863,744
CB,SEGUNDAPLANTAALTA:2PAXBAX01,11,temperatura_operativa_C,26.58408318843174,720
CB,SEGUNDAPLANTAALTA:2PAXBAX01,12,temperatura_operativa_C,27.862351861382596,744
CB,SEGUNDAPLANTAALTA:2PAXCAF,1,temperatura_operativa_C,27.845780168585964,744
CB,SEGUNDAPLANTAALTA:2PAXCAF,2,temperatura_operativa_C,28.848540948709623,672
CB,SEGUNDAPLANTAALTA:2PAXCAF,3,temperatura_operativa_C,29.79839910747679,744
CB,SEGUNDAPLANTAALTA:2PAXCAF,4,temperatura_operativa_C,28.188458412532015,720
CB,SEGUNDAPLANTAALTA:2PAXCAF,5,temperatura_operativa_C,28.092700350275326,744
CB,SEGUNDAPLANTAALTA:2PAXCAF,6,temperatura_operativa_C,26.774473313100184,720
CB,SEGUNDAPLANTAALTA:2PAXCAF,7,temperatura_operativa_C,25.51471649750291,744
CB,SEGUNDAPLANTAALTA:2PAXCAF,8,temperatura_operativa_C,25.779105794955345,744
CB,SEGUNDAPLANTAALTA:2PAXCAF,9,temperatura_operativa_C,25.603451085265796,720
CB,SEGUNDAPLANTAALTA:2PAXCAF,10,temperatura_operativa_C,25.943850521438563,744
CB,SEGUNDAPLANTAALTA:2PAXCAF,11,temperatura_operativa_C,25.837298020319015,720
CB,SEGUNDAPLANTAALTA:2PAXCAF,12,temperatura_operativa_C,26.69525548793841,744
CB,SEGUNDAPLANTAALTA:2PAXES,1,temperatura_operativa_C,27.48670192879855,744
CB,SEGUNDAPLANTAALTA:2PAXES,2,temperatura_operativa_C,28.89495893825352,672
CB,SEGUNDAPLANTAALTA:2PAXES,3,temperatura_operativa_C,30.19083208486588,744
CB,SEGUNDAPLANTAALTA:2PAXES,4,temperatura_operativa_C,28.44302090371274,720
CB,SEGUNDAPLANTAALTA:2PAXES,5,temperatura_operativa_C,28.360919328667045,744
CB,SEGUNDAPLANTAALTA:2PAXES,6,temperatura_operativa_C,26.502581617768666,720
CB,SEGUNDAPLANTAALTA:2PAXES,7,temperatura_operativa_C,24.88220150482405,744
CB,SEGUNDAPLANTAALTA:2PAXES,8,temperatura_operativa_C,24.874187177472006,744
CB,SEGUNDAPLANTAALTA:2PAXES,9,temperatura_operativa_C,24.435102530031696,720
CB,SEGUNDAPLANTAALTA:2PAXES,10,temperatura_operativa_C,24.813036139375367,744
CB,SEGUNDAPLANTAALTA:2PAXES,11,temperatura_operativa_C,24.723413955743254,720
CB,SEGUNDAPLANTAALTA:2PAXES,12,temperatura_operativa_C,25.864242176636438,744
CB,SEGUNDAPLANTAALTA:2PAXSUM,1,temperatura_operativa_C,28.088673322222313,744
CB,SEGUNDAPLANTAALTA:2PAXSUM,2,temperatura_operativa_C,29.06103667648851,672
CB,SEGUNDAPLANTAALTA:2PAXSUM,3,temperatura_operativa_C,29.908198669192007,744
CB,SEGUNDAPLANTAALTA:2PAXSUM,4,temperatura_operativa_C,28.206358030050747,720
CB,SEGUNDAPLANTAALTA:2PAXSUM,5,temperatura_operativa_C,27.854607044378227,744
CB,SEGUNDAPLANTAALTA:2PAXSUM,6,temperatura_operativa_C,26.503216831411827,720
CB,SEGUNDAPLANTAALTA:2PAXSUM,7,temperatura_operativa_C,25.27645937936056,744
CB,SEGUNDAPLANTAALTA:2PAXSUM,8,temperatura_operativa_C,25.44222764925828,744
CB,SEGUNDAPLANTAALTA:2PAXSUM,9,temperatura_operativa_C,25.392108238668506,720
CB,SEGUNDAPLANTAALTA:2PAXSUM,10,temperatura_operativa_C,25.896918347507878,744
CB,SEGUNDAPLANTAALTA:2PAXSUM,11,temperatura_operativa_C,25.87435687905273,720
CB,SEGUNDAPLANTAALTA:2PAXSUM,12,temperatura_operativa_C,26.823011934033794,744
CB,SEGUNDAPLANTAALTA:ASCENSOR,1,temperatura_operativa_C,27.470886319999966,744
CB,SEGUNDAPLANTAALTA:ASCENSOR,2,temperatura_operativa_C,28.854807201338993,672
CB,SEGUNDAPLANTAALTA:ASCENSOR,3,temperatura_operativa_C,30.16218989327001,744
CB,SEGUNDAPLANTAALTA:ASCENSOR,4,temperatura_operativa_C,28.508973280409187,720
CB,SEGUNDAPLANTAALTA:ASCENSOR,5,temperatura_operativa_C,28.345302069209932,744
CB,SEGUNDAPLANTAALTA:ASCENSOR,6,temperatura_operativa_C,26.53051395521426,720
CB,SEGUNDAPLANTAALTA:ASCENSOR,7,temperatura_operativa_C,24.914711764194465,744
CB,SEGUNDAPLANTAALTA:ASCENSOR,8,temperatura_operativa_C,24.87803386721405,744
CB,SEGUNDAPLANTAALTA:ASCENSOR,9,temperatura_operativa_C,24.42070304464542,720
CB,SEGUNDAPLANTAALTA:ASCENSOR,10,temperatura_operativa_C,24.768227537522968,744
CB,SEGUNDAPLANTAALTA:ASCENSOR,11,temperatura_operativa_C,24.7508804689144,720
CB,SEGUNDAPLANTAALTA:ASCENSOR,12,temperatura_operativa_C,25.831708292983755,744
CB,SEGUNDAPLANTAALTA:2PAXPAS,1,temperatura_operativa_C,28.020161290754853,744
CB,SEGUNDAPLANTAALTA:2PAXPAS,2,temperatura_operativa_C,29.255150445702984,672
CB,SEGUNDAPLANTAALTA:2PAXPAS,3,temperatura_operativa_C,30.366863203905258,744
CB,SEGUNDAPLANTAALTA:2PAXPAS,4,temperatura_operativa_C,28.685030361477452,720
CB,SEGUNDAPLANTAALTA:2PAXPAS,5,temperatura_operativa_C,28.352257027098823,744
CB,SEGUNDAPLANTAALTA:2PAXPAS,6,temperatura_operativa_C,26.557339537086904,720
CB,SEGUNDAPLANTAALTA:2PAXPAS,7,temperatura_operativa_C,25.11893959132674,744
CB,SEGUNDAPLANTAALTA:2PAXPAS,8,temperatura_operativa_C,24.942224638911274,744
CB,SEGUNDAPLANTAALTA:2PAXPAS,9,temperatura_operativa_C,24.622383530163866,720
CB,SEGUNDAPLANTAALTA:2PAXPAS,10,temperatura_operativa_C,25.162996932391223,744
CB,SEGUNDAPLANTAALTA:2PAXPAS,11,temperatura_operativa_C,25.211843960618122,720
CB,SEGUNDAPLANTAALTA:2PAXPAS,12,temperatura_operativa_C,26.38021801596738,744
CB,SEGUNDAPLANTAALTA:ATRIO2PA,1,temperatura_operativa_C,28.32739235023751,744
CB,SEGUNDAPLANTAALTA:ATRIO2PA,2,temperatura_operativa_C,29.517654305668874,672
CB,SEGUNDAPLANTAALTA:ATRIO2PA,3,temperatura_operativa_C,30.554668028667333,744
CB,SEGUNDAPLANTAALTA:ATRIO2PA,4,temperatura_operativa_C,28.78570983172368,720
CB,SEGUNDAPLANTAALTA:ATRIO2PA,5,temperatura_operativa_C,28.321039456980397,744
CB,SEGUNDAPLANTAALTA:ATRIO2PA,6,temperatura_operativa_C,26.502862454032645,720
CB,SEGUNDAPLANTAALTA:ATRIO2PA,7,temperatura_operativa_C,25.087352568557424,744
CB,SEGUNDAPLANTAALTA:ATRIO2PA,8,temperatura_operativa_C,24.89476400225468,744
CB,SEGUNDAPLANTAALTA:ATRIO2PA,9,temperatura_operativa_C,24.640408781573797,720
CB,SEGUNDAPLANTAALTA:ATRIO2PA,10,temperatura_operativa_C,25.299602178102212,744
CB,SEGUNDAPLANTAALTA:ATRIO2PA,11,temperatura_operativa_C,25.413706268433614,720
CB,SEGUNDAPLANTAALTA:ATRIO2PA,12,temperatura_operativa_C,26.64201363573128,744
CB,CUBIERTA:ATRIOSUPERIOR,1,temperatura_operativa_C,26.795056343437192,744
CB,CUBIERTA:ATRIOSUPERIOR,2,temperatura_operativa_C,28.161102728635797,672
CB,CUBIERTA:ATRIOSUPERIOR,3,temperatura_operativa_C,29.26212331813181,744
CB,CUBIERTA:ATRIOSUPERIOR,4,temperatura_operativa_C,27.841986507733186,720
CB,CUBIERTA:ATRIOSUPERIOR,5,temperatura_operativa_C,27.25387730438003,744
CB,CUBIERTA:ATRIOSUPERIOR,6,temperatura_operativa_C,25.295041175491416,720
CB,CUBIERTA:ATRIOSUPERIOR,7,temperatura_operativa_C,23.89917269296637,744
CB,CUBIERTA:ATRIOSUPERIOR,8,temperatura_operativa_C,23.43779177514182,744
CB,CUBIERTA:ATRIOSUPERIOR,9,temperatura_operativa_C,23.068293619579354,720
CB,CUBIERTA:ATRIOSUPERIOR,10,temperatura_operativa_C,23.58519725014014,744
CB,CUBIERTA:ATRIOSUPERIOR,11,temperatura_operativa_C,23.667875354867757,720
CB,CUBIERTA:ATRIOSUPERIOR,12,temperatura_operativa_C,24.912248482717064,744
CB,PLANTABAJA:PBXESX01,1,enfriamiento_sensible_kWh_termicos,0.0,744
CB,PLANTABAJA:PBXESX01,2,enfriamiento_sensible_kWh_termicos,0.0,672
CB,PLANTABAJA:PBXESX01,3,enfriamiento_sensible_kWh_termicos,0.0,744
CB,PLANTABAJA:PBXESX01,4,enfriamiento_sensible_kWh_termicos,0.0,720
CB,PLANTABAJA:PBXESX01,5,enfriamiento_sensible_kWh_termicos,0.0,744
CB,PLANTABAJA:PBXESX01,6,enfriamiento_sensible_kWh_termicos,0.0,720
CB,PLANTABAJA:PBXESX01,7,enfriamiento_sensible_kWh_termicos,0.0,744
CB,PLANTABAJA:PBXESX01,8,enfriamiento_sensible_kWh_termicos,0.0,744
CB,PLANTABAJA:PBXESX01,9,enfriamiento_sensible_kWh_termicos,0.0,720
CB,PLANTABAJA:PBXESX01,10,enfriamiento_sensible_kWh_termicos,0.0,744
CB,PLANTABAJA:PBXESX01,11,enfriamiento_sensible_kWh_termicos,0.0,720
CB,PLANTABAJA:PBXESX01,12,enfriamiento_sensible_kWh_termicos,0.0,744
CB,PLANTABAJA:PBXESX01,1,enfriamiento_total_kWh_termicos,0.0,744
CB,PLANTABAJA:PBXESX01,2,enfriamiento_total_kWh_termicos,0.0,672
CB,PLANTABAJA:PBXESX01,3,enfriamiento_total_kWh_termicos,0.0,744
CB,PLANTABAJA:PBXESX01,4,enfriamiento_total_kWh_termicos,0.0,720
CB,PLANTABAJA:PBXESX01,5,enfriamiento_total_kWh_termicos,0.0,744
CB,PLANTABAJA:PBXESX01,6,enfriamiento_total_kWh_termicos,0.0,720
CB,PLANTABAJA:PBXESX01,7,enfriamiento_total_kWh_termicos,0.0,744
CB,PLANTABAJA:PBXESX01,8,enfriamiento_total_kWh_termicos,0.0,744
CB,PLANTABAJA:PBXESX01,9,enfriamiento_total_kWh_termicos,0.0,720
CB,PLANTABAJA:PBXESX01,10,enfriamiento_total_kWh_termicos,0.0,744
CB,PLANTABAJA:PBXESX01,11,enfriamiento_total_kWh_termicos,0.0,720
CB,PLANTABAJA:PBXESX01,12,enfriamiento_total_kWh_termicos,0.0,744
CB,PLANTABAJA:PBXBOX01,1,enfriamiento_sensible_kWh_termicos,0.0,744
CB,PLANTABAJA:PBXBOX01,2,enfriamiento_sensible_kWh_termicos,0.0,672
CB,PLANTABAJA:PBXBOX01,3,enfriamiento_sensible_kWh_termicos,0.0,744
CB,PLANTABAJA:PBXBOX01,4,enfriamiento_sensible_kWh_termicos,0.0,720
CB,PLANTABAJA:PBXBOX01,5,enfriamiento_sensible_kWh_termicos,0.0,744
CB,PLANTABAJA:PBXBOX01,6,enfriamiento_sensible_kWh_termicos,0.0,720
CB,PLANTABAJA:PBXBOX01,7,enfriamiento_sensible_kWh_termicos,0.0,744
CB,PLANTABAJA:PBXBOX01,8,enfriamiento_sensible_kWh_termicos,0.0,744
CB,PLANTABAJA:PBXBOX01,9,enfriamiento_sensible_kWh_termicos,0.0,720
CB,PLANTABAJA:PBXBOX01,10,enfriamiento_sensible_kWh_termicos,0.0,744
CB,PLANTABAJA:PBXBOX01,11,enfriamiento_sensible_kWh_termicos,0.0,720
CB,PLANTABAJA:PBXBOX01,12,enfriamiento_sensible_kWh_termicos,0.0,744
CB,PLANTABAJA:PBXBOX01,1,enfriamiento_total_kWh_termicos,0.0,744
CB,PLANTABAJA:PBXBOX01,2,enfriamiento_total_kWh_termicos,0.0,672
CB,PLANTABAJA:PBXBOX01,3,enfriamiento_total_kWh_termicos,0.0,744
CB,PLANTABAJA:PBXBOX01,4,enfriamiento_total_kWh_termicos,0.0,720
CB,PLANTABAJA:PBXBOX01,5,enfriamiento_total_kWh_termicos,0.0,744
CB,PLANTABAJA:PBXBOX01,6,enfriamiento_total_kWh_termicos,0.0,720
CB,PLANTABAJA:PBXBOX01,7,enfriamiento_total_kWh_termicos,0.0,744
CB,PLANTABAJA:PBXBOX01,8,enfriamiento_total_kWh_termicos,0.0,744
CB,PLANTABAJA:PBXBOX01,9,enfriamiento_total_kWh_termicos,0.0,720
CB,PLANTABAJA:PBXBOX01,10,enfriamiento_total_kWh_termicos,0.0,744
CB,PLANTABAJA:PBXBOX01,11,enfriamiento_total_kWh_termicos,0.0,720
CB,PLANTABAJA:PBXBOX01,12,enfriamiento_total_kWh_termicos,0.0,744
CB,PLANTABAJA:PBXBAX01,1,enfriamiento_sensible_kWh_termicos,0.0,744
CB,PLANTABAJA:PBXBAX01,2,enfriamiento_sensible_kWh_termicos,0.0,672
CB,PLANTABAJA:PBXBAX01,3,enfriamiento_sensible_kWh_termicos,0.0,744
CB,PLANTABAJA:PBXBAX01,4,enfriamiento_sensible_kWh_termicos,0.0,720
CB,PLANTABAJA:PBXBAX01,5,enfriamiento_sensible_kWh_termicos,0.0,744
CB,PLANTABAJA:PBXBAX01,6,enfriamiento_sensible_kWh_termicos,0.0,720
CB,PLANTABAJA:PBXBAX01,7,enfriamiento_sensible_kWh_termicos,0.0,744
CB,PLANTABAJA:PBXBAX01,8,enfriamiento_sensible_kWh_termicos,0.0,744
CB,PLANTABAJA:PBXBAX01,9,enfriamiento_sensible_kWh_termicos,0.0,720
CB,PLANTABAJA:PBXBAX01,10,enfriamiento_sensible_kWh_termicos,0.0,744
CB,PLANTABAJA:PBXBAX01,11,enfriamiento_sensible_kWh_termicos,0.0,720
CB,PLANTABAJA:PBXBAX01,12,enfriamiento_sensible_kWh_termicos,0.0,744
CB,PLANTABAJA:PBXBAX01,1,enfriamiento_total_kWh_termicos,0.0,744
CB,PLANTABAJA:PBXBAX01,2,enfriamiento_total_kWh_termicos,0.0,672
CB,PLANTABAJA:PBXBAX01,3,enfriamiento_total_kWh_termicos,0.0,744
CB,PLANTABAJA:PBXBAX01,4,enfriamiento_total_kWh_termicos,0.0,720
CB,PLANTABAJA:PBXBAX01,5,enfriamiento_total_kWh_termicos,0.0,744
CB,PLANTABAJA:PBXBAX01,6,enfriamiento_total_kWh_termicos,0.0,720
CB,PLANTABAJA:PBXBAX01,7,enfriamiento_total_kWh_termicos,0.0,744
CB,PLANTABAJA:PBXBAX01,8,enfriamiento_total_kWh_termicos,0.0,744
CB,PLANTABAJA:PBXBAX01,9,enfriamiento_total_kWh_termicos,0.0,720
CB,PLANTABAJA:PBXBAX01,10,enfriamiento_total_kWh_termicos,0.0,744
CB,PLANTABAJA:PBXBAX01,11,enfriamiento_total_kWh_termicos,0.0,720
CB,PLANTABAJA:PBXBAX01,12,enfriamiento_total_kWh_termicos,0.0,744
CB,PLANTABAJA:PBXREX01,1,enfriamiento_sensible_kWh_termicos,0.0,744
CB,PLANTABAJA:PBXREX01,2,enfriamiento_sensible_kWh_termicos,0.0,672
CB,PLANTABAJA:PBXREX01,3,enfriamiento_sensible_kWh_termicos,0.0,744
CB,PLANTABAJA:PBXREX01,4,enfriamiento_sensible_kWh_termicos,0.0,720
CB,PLANTABAJA:PBXREX01,5,enfriamiento_sensible_kWh_termicos,0.0,744
CB,PLANTABAJA:PBXREX01,6,enfriamiento_sensible_kWh_termicos,0.0,720
CB,PLANTABAJA:PBXREX01,7,enfriamiento_sensible_kWh_termicos,0.0,744
CB,PLANTABAJA:PBXREX01,8,enfriamiento_sensible_kWh_termicos,0.0,744
CB,PLANTABAJA:PBXREX01,9,enfriamiento_sensible_kWh_termicos,0.0,720
CB,PLANTABAJA:PBXREX01,10,enfriamiento_sensible_kWh_termicos,0.0,744
CB,PLANTABAJA:PBXREX01,11,enfriamiento_sensible_kWh_termicos,0.0,720
CB,PLANTABAJA:PBXREX01,12,enfriamiento_sensible_kWh_termicos,0.0,744
CB,PLANTABAJA:PBXREX01,1,enfriamiento_total_kWh_termicos,0.0,744
CB,PLANTABAJA:PBXREX01,2,enfriamiento_total_kWh_termicos,0.0,672
CB,PLANTABAJA:PBXREX01,3,enfriamiento_total_kWh_termicos,0.0,744
CB,PLANTABAJA:PBXREX01,4,enfriamiento_total_kWh_termicos,0.0,720
CB,PLANTABAJA:PBXREX01,5,enfriamiento_total_kWh_termicos,0.0,744
CB,PLANTABAJA:PBXREX01,6,enfriamiento_total_kWh_termicos,0.0,720
CB,PLANTABAJA:PBXREX01,7,enfriamiento_total_kWh_termicos,0.0,744
CB,PLANTABAJA:PBXREX01,8,enfriamiento_total_kWh_termicos,0.0,744
CB,PLANTABAJA:PBXREX01,9,enfriamiento_total_kWh_termicos,0.0,720
CB,PLANTABAJA:PBXREX01,10,enfriamiento_total_kWh_termicos,0.0,744
CB,PLANTABAJA:PBXREX01,11,enfriamiento_total_kWh_termicos,0.0,720
CB,PLANTABAJA:PBXREX01,12,enfriamiento_total_kWh_termicos,0.0,744
CB,PLANTABAJA:ASCENSOR,1,enfriamiento_sensible_kWh_termicos,0.0,744
CB,PLANTABAJA:ASCENSOR,2,enfriamiento_sensible_kWh_termicos,0.0,672
CB,PLANTABAJA:ASCENSOR,3,enfriamiento_sensible_kWh_termicos,0.0,744
CB,PLANTABAJA:ASCENSOR,4,enfriamiento_sensible_kWh_termicos,0.0,720
CB,PLANTABAJA:ASCENSOR,5,enfriamiento_sensible_kWh_termicos,0.0,744
CB,PLANTABAJA:ASCENSOR,6,enfriamiento_sensible_kWh_termicos,0.0,720
CB,PLANTABAJA:ASCENSOR,7,enfriamiento_sensible_kWh_termicos,0.0,744
CB,PLANTABAJA:ASCENSOR,8,enfriamiento_sensible_kWh_termicos,0.0,744
CB,PLANTABAJA:ASCENSOR,9,enfriamiento_sensible_kWh_termicos,0.0,720
CB,PLANTABAJA:ASCENSOR,10,enfriamiento_sensible_kWh_termicos,0.0,744
CB,PLANTABAJA:ASCENSOR,11,enfriamiento_sensible_kWh_termicos,0.0,720
CB,PLANTABAJA:ASCENSOR,12,enfriamiento_sensible_kWh_termicos,0.0,744
CB,PLANTABAJA:ASCENSOR,1,enfriamiento_total_kWh_termicos,0.0,744
CB,PLANTABAJA:ASCENSOR,2,enfriamiento_total_kWh_termicos,0.0,672
CB,PLANTABAJA:ASCENSOR,3,enfriamiento_total_kWh_termicos,0.0,744
CB,PLANTABAJA:ASCENSOR,4,enfriamiento_total_kWh_termicos,0.0,720
CB,PLANTABAJA:ASCENSOR,5,enfriamiento_total_kWh_termicos,0.0,744
CB,PLANTABAJA:ASCENSOR,6,enfriamiento_total_kWh_termicos,0.0,720
CB,PLANTABAJA:ASCENSOR,7,enfriamiento_total_kWh_termicos,0.0,744
CB,PLANTABAJA:ASCENSOR,8,enfriamiento_total_kWh_termicos,0.0,744
CB,PLANTABAJA:ASCENSOR,9,enfriamiento_total_kWh_termicos,0.0,720
CB,PLANTABAJA:ASCENSOR,10,enfriamiento_total_kWh_termicos,0.0,744
CB,PLANTABAJA:ASCENSOR,11,enfriamiento_total_kWh_termicos,0.0,720
CB,PLANTABAJA:ASCENSOR,12,enfriamiento_total_kWh_termicos,0.0,744
CB,PLANTABAJA:PBXSEX01,1,enfriamiento_sensible_kWh_termicos,646.4900494023733,744
CB,PLANTABAJA:PBXSEX01,2,enfriamiento_sensible_kWh_termicos,838.4499029052716,672
CB,PLANTABAJA:PBXSEX01,3,enfriamiento_sensible_kWh_termicos,942.887551306436,744
CB,PLANTABAJA:PBXSEX01,4,enfriamiento_sensible_kWh_termicos,836.9019848060293,720
CB,PLANTABAJA:PBXSEX01,5,enfriamiento_sensible_kWh_termicos,782.8603147698839,744
CB,PLANTABAJA:PBXSEX01,6,enfriamiento_sensible_kWh_termicos,356.4577213893004,720
CB,PLANTABAJA:PBXSEX01,7,enfriamiento_sensible_kWh_termicos,172.49618115061668,744
CB,PLANTABAJA:PBXSEX01,8,enfriamiento_sensible_kWh_termicos,86.52851956615682,744
CB,PLANTABAJA:PBXSEX01,9,enfriamiento_sensible_kWh_termicos,25.37610227122002,720
CB,PLANTABAJA:PBXSEX01,10,enfriamiento_sensible_kWh_termicos,98.13270741454163,744
CB,PLANTABAJA:PBXSEX01,11,enfriamiento_sensible_kWh_termicos,100.1857281768515,720
CB,PLANTABAJA:PBXSEX01,12,enfriamiento_sensible_kWh_termicos,339.4461212903661,744
CB,PLANTABAJA:PBXSEX01,1,enfriamiento_total_kWh_termicos,1544.2292827518927,744
CB,PLANTABAJA:PBXSEX01,2,enfriamiento_total_kWh_termicos,1982.4127419981155,672
CB,PLANTABAJA:PBXSEX01,3,enfriamiento_total_kWh_termicos,2268.4093732402557,744
CB,PLANTABAJA:PBXSEX01,4,enfriamiento_total_kWh_termicos,2178.7603712099985,720
CB,PLANTABAJA:PBXSEX01,5,enfriamiento_total_kWh_termicos,1900.6931454231349,744
CB,PLANTABAJA:PBXSEX01,6,enfriamiento_total_kWh_termicos,683.668328570629,720
CB,PLANTABAJA:PBXSEX01,7,enfriamiento_total_kWh_termicos,263.38560210947594,744
CB,PLANTABAJA:PBXSEX01,8,enfriamiento_total_kWh_termicos,91.21729395199121,744
CB,PLANTABAJA:PBXSEX01,9,enfriamiento_total_kWh_termicos,25.37610227122002,720
CB,PLANTABAJA:PBXSEX01,10,enfriamiento_total_kWh_termicos,109.56464533247592,744
CB,PLANTABAJA:PBXSEX01,11,enfriamiento_total_kWh_termicos,118.1929819202716,720
CB,PLANTABAJA:PBXSEX01,12,enfriamiento_total_kWh_termicos,644.8837758439006,744
CB,PLANTABAJA:PBXOFX03,1,enfriamiento_sensible_kWh_termicos,195.67919292379173,744
CB,PLANTABAJA:PBXOFX03,2,enfriamiento_sensible_kWh_termicos,208.7647800184147,672
CB,PLANTABAJA:PBXOFX03,3,enfriamiento_sensible_kWh_termicos,240.58106739864795,744
CB,PLANTABAJA:PBXOFX03,4,enfriamiento_sensible_kWh_termicos,193.21363947232646,720
CB,PLANTABAJA:PBXOFX03,5,enfriamiento_sensible_kWh_termicos,179.21146089329818,744
CB,PLANTABAJA:PBXOFX03,6,enfriamiento_sensible_kWh_termicos,107.54652402870086,720
CB,PLANTABAJA:PBXOFX03,7,enfriamiento_sensible_kWh_termicos,75.36057455921015,744
CB,PLANTABAJA:PBXOFX03,8,enfriamiento_sensible_kWh_termicos,57.428795980590394,744
CB,PLANTABAJA:PBXOFX03,9,enfriamiento_sensible_kWh_termicos,47.964175436853274,720
CB,PLANTABAJA:PBXOFX03,10,enfriamiento_sensible_kWh_termicos,87.17371851924993,744
CB,PLANTABAJA:PBXOFX03,11,enfriamiento_sensible_kWh_termicos,92.76630316453043,720
CB,PLANTABAJA:PBXOFX03,12,enfriamiento_sensible_kWh_termicos,150.6647438515346,744
CB,PLANTABAJA:PBXOFX03,1,enfriamiento_total_kWh_termicos,362.5524394702299,744
CB,PLANTABAJA:PBXOFX03,2,enfriamiento_total_kWh_termicos,373.6596297489529,672
CB,PLANTABAJA:PBXOFX03,3,enfriamiento_total_kWh_termicos,422.51342680317214,744
CB,PLANTABAJA:PBXOFX03,4,enfriamiento_total_kWh_termicos,391.0099671063685,720
CB,PLANTABAJA:PBXOFX03,5,enfriamiento_total_kWh_termicos,352.78835112449485,744
CB,PLANTABAJA:PBXOFX03,6,enfriamiento_total_kWh_termicos,218.07519192334598,720
CB,PLANTABAJA:PBXOFX03,7,enfriamiento_total_kWh_termicos,157.01900146864674,744
CB,PLANTABAJA:PBXOFX03,8,enfriamiento_total_kWh_termicos,110.36920742354883,744
CB,PLANTABAJA:PBXOFX03,9,enfriamiento_total_kWh_termicos,91.79998513285528,720
CB,PLANTABAJA:PBXOFX03,10,enfriamiento_total_kWh_termicos,144.32360560380386,744
CB,PLANTABAJA:PBXOFX03,11,enfriamiento_total_kWh_termicos,158.05580643084272,720
CB,PLANTABAJA:PBXOFX03,12,enfriamiento_total_kWh_termicos,280.0353740014145,744
CB,PLANTABAJA:PBXOFX02,1,enfriamiento_sensible_kWh_termicos,152.76290491394158,744
CB,PLANTABAJA:PBXOFX02,2,enfriamiento_sensible_kWh_termicos,157.99020617812377,672
CB,PLANTABAJA:PBXOFX02,3,enfriamiento_sensible_kWh_termicos,178.99076033727027,744
CB,PLANTABAJA:PBXOFX02,4,enfriamiento_sensible_kWh_termicos,147.3566964268203,720
CB,PLANTABAJA:PBXOFX02,5,enfriamiento_sensible_kWh_termicos,138.59947724831906,744
CB,PLANTABAJA:PBXOFX02,6,enfriamiento_sensible_kWh_termicos,86.4036538180556,720
CB,PLANTABAJA:PBXOFX02,7,enfriamiento_sensible_kWh_termicos,64.61364886099287,744
CB,PLANTABAJA:PBXOFX02,8,enfriamiento_sensible_kWh_termicos,47.39710399669064,744
CB,PLANTABAJA:PBXOFX02,9,enfriamiento_sensible_kWh_termicos,39.40859134995834,720
CB,PLANTABAJA:PBXOFX02,10,enfriamiento_sensible_kWh_termicos,71.59480057602376,744
CB,PLANTABAJA:PBXOFX02,11,enfriamiento_sensible_kWh_termicos,80.73238417677614,720
CB,PLANTABAJA:PBXOFX02,12,enfriamiento_sensible_kWh_termicos,124.5222044233121,744
CB,PLANTABAJA:PBXOFX02,1,enfriamiento_total_kWh_termicos,278.18628512607773,744
CB,PLANTABAJA:PBXOFX02,2,enfriamiento_total_kWh_termicos,280.12202996849504,672
CB,PLANTABAJA:PBXOFX02,3,enfriamiento_total_kWh_termicos,313.72799029440984,744
CB,PLANTABAJA:PBXOFX02,4,enfriamiento_total_kWh_termicos,293.255167081959,720
CB,PLANTABAJA:PBXOFX02,5,enfriamiento_total_kWh_termicos,267.49868079352547,744
CB,PLANTABAJA:PBXOFX02,6,enfriamiento_total_kWh_termicos,170.14327371582843,720
CB,PLANTABAJA:PBXOFX02,7,enfriamiento_total_kWh_termicos,133.41060090993855,744
CB,PLANTABAJA:PBXOFX02,8,enfriamiento_total_kWh_termicos,88.71908575940981,744
CB,PLANTABAJA:PBXOFX02,9,enfriamiento_total_kWh_termicos,72.48725823263271,720
CB,PLANTABAJA:PBXOFX02,10,enfriamiento_total_kWh_termicos,115.6167351803779,744
CB,PLANTABAJA:PBXOFX02,11,enfriamiento_total_kWh_termicos,134.8368725455207,720
CB,PLANTABAJA:PBXOFX02,12,enfriamiento_total_kWh_termicos,223.5343658882081,744
CB,PLANTABAJA:PBXOFX01,1,enfriamiento_sensible_kWh_termicos,175.81513720713417,744
CB,PLANTABAJA:PBXOFX01,2,enfriamiento_sensible_kWh_termicos,192.69752367125702,672
CB,PLANTABAJA:PBXOFX01,3,enfriamiento_sensible_kWh_termicos,226.5317828388625,744
CB,PLANTABAJA:PBXOFX01,4,enfriamiento_sensible_kWh_termicos,180.8457664448357,720
CB,PLANTABAJA:PBXOFX01,5,enfriamiento_sensible_kWh_termicos,177.64228999239137,744
CB,PLANTABAJA:PBXOFX01,6,enfriamiento_sensible_kWh_termicos,102.97863499191381,720
CB,PLANTABAJA:PBXOFX01,7,enfriamiento_sensible_kWh_termicos,69.41483660836462,744
CB,PLANTABAJA:PBXOFX01,8,enfriamiento_sensible_kWh_termicos,54.21542305427803,744
CB,PLANTABAJA:PBXOFX01,9,enfriamiento_sensible_kWh_termicos,39.52964804790476,720
CB,PLANTABAJA:PBXOFX01,10,enfriamiento_sensible_kWh_termicos,76.86310776369332,744
CB,PLANTABAJA:PBXOFX01,11,enfriamiento_sensible_kWh_termicos,83.46295449205965,720
CB,PLANTABAJA:PBXOFX01,12,enfriamiento_sensible_kWh_termicos,139.55138351083903,744
CB,PLANTABAJA:PBXOFX01,1,enfriamiento_total_kWh_termicos,327.2413203546135,744
CB,PLANTABAJA:PBXOFX01,2,enfriamiento_total_kWh_termicos,341.4385847647829,672
CB,PLANTABAJA:PBXOFX01,3,enfriamiento_total_kWh_termicos,393.21544720352523,744
CB,PLANTABAJA:PBXOFX01,4,enfriamiento_total_kWh_termicos,360.33323703902937,720
CB,PLANTABAJA:PBXOFX01,5,enfriamiento_total_kWh_termicos,339.012104907281,744
CB,PLANTABAJA:PBXOFX01,6,enfriamiento_total_kWh_termicos,205.43419506171307,720
CB,PLANTABAJA:PBXOFX01,7,enfriamiento_total_kWh_termicos,141.233061602754,744
CB,PLANTABAJA:PBXOFX01,8,enfriamiento_total_kWh_termicos,101.15759946474246,744
CB,PLANTABAJA:PBXOFX01,9,enfriamiento_total_kWh_termicos,72.60940268701205,720
CB,PLANTABAJA:PBXOFX01,10,enfriamiento_total_kWh_termicos,123.82044262229688,744
CB,PLANTABAJA:PBXOFX01,11,enfriamiento_total_kWh_termicos,139.81246408229873,720
CB,PLANTABAJA:PBXOFX01,12,enfriamiento_total_kWh_termicos,255.2903908335067,744
CB,PRIMERAPLANTAALTA:1PAXDC,1,enfriamiento_sensible_kWh_termicos,3196.11823732336,744
CB,PRIMERAPLANTAALTA:1PAXDC,2,enfriamiento_sensible_kWh_termicos,2985.9924902130097,672
CB,PRIMERAPLANTAALTA:1PAXDC,3,enfriamiento_sensible_kWh_termicos,3411.404113387426,744
CB,PRIMERAPLANTAALTA:1PAXDC,4,enfriamiento_sensible_kWh_termicos,3144.4327857278327,720
CB,PRIMERAPLANTAALTA:1PAXDC,5,enfriamiento_sensible_kWh_termicos,3248.972066268831,744
CB,PRIMERAPLANTAALTA:1PAXDC,6,enfriamiento_sensible_kWh_termicos,2998.5800414932614,720
CB,PRIMERAPLANTAALTA:1PAXDC,7,enfriamiento_sensible_kWh_termicos,2968.4033012156933,744
CB,PRIMERAPLANTAALTA:1PAXDC,8,enfriamiento_sensible_kWh_termicos,2984.8970235269953,744
CB,PRIMERAPLANTAALTA:1PAXDC,9,enfriamiento_sensible_kWh_termicos,2860.0369783333645,720
CB,PRIMERAPLANTAALTA:1PAXDC,10,enfriamiento_sensible_kWh_termicos,2981.1630346206584,744
CB,PRIMERAPLANTAALTA:1PAXDC,11,enfriamiento_sensible_kWh_termicos,2877.7690642159064,720
CB,PRIMERAPLANTAALTA:1PAXDC,12,enfriamiento_sensible_kWh_termicos,3065.572124362396,744
CB,PRIMERAPLANTAALTA:1PAXDC,1,enfriamiento_total_kWh_termicos,3542.9218694389847,744
CB,PRIMERAPLANTAALTA:1PAXDC,2,enfriamiento_total_kWh_termicos,3333.941875290361,672
CB,PRIMERAPLANTAALTA:1PAXDC,3,enfriamiento_total_kWh_termicos,3788.3477608805247,744
CB,PRIMERAPLANTAALTA:1PAXDC,4,enfriamiento_total_kWh_termicos,3548.214864640942,720
CB,PRIMERAPLANTAALTA:1PAXDC,5,enfriamiento_total_kWh_termicos,3611.001172663994,744
CB,PRIMERAPLANTAALTA:1PAXDC,6,enfriamiento_total_kWh_termicos,3278.9375411560654,720
CB,PRIMERAPLANTAALTA:1PAXDC,7,enfriamiento_total_kWh_termicos,3242.5983980866226,744
CB,PRIMERAPLANTAALTA:1PAXDC,8,enfriamiento_total_kWh_termicos,3195.302378433495,744
CB,PRIMERAPLANTAALTA:1PAXDC,9,enfriamiento_total_kWh_termicos,3069.214298670969,720
CB,PRIMERAPLANTAALTA:1PAXDC,10,enfriamiento_total_kWh_termicos,3149.3816620116054,744
CB,PRIMERAPLANTAALTA:1PAXDC,11,enfriamiento_total_kWh_termicos,3079.840406835939,720
CB,PRIMERAPLANTAALTA:1PAXDC,12,enfriamiento_total_kWh_termicos,3356.408553590999,744
CB,PRIMERAPLANTAALTA:1PAXES,1,enfriamiento_sensible_kWh_termicos,0.0,744
CB,PRIMERAPLANTAALTA:1PAXES,2,enfriamiento_sensible_kWh_termicos,0.0,672
CB,PRIMERAPLANTAALTA:1PAXES,3,enfriamiento_sensible_kWh_termicos,0.0,744
CB,PRIMERAPLANTAALTA:1PAXES,4,enfriamiento_sensible_kWh_termicos,0.0,720
CB,PRIMERAPLANTAALTA:1PAXES,5,enfriamiento_sensible_kWh_termicos,0.0,744
CB,PRIMERAPLANTAALTA:1PAXES,6,enfriamiento_sensible_kWh_termicos,0.0,720
CB,PRIMERAPLANTAALTA:1PAXES,7,enfriamiento_sensible_kWh_termicos,0.0,744
CB,PRIMERAPLANTAALTA:1PAXES,8,enfriamiento_sensible_kWh_termicos,0.0,744
CB,PRIMERAPLANTAALTA:1PAXES,9,enfriamiento_sensible_kWh_termicos,0.0,720
CB,PRIMERAPLANTAALTA:1PAXES,10,enfriamiento_sensible_kWh_termicos,0.0,744
CB,PRIMERAPLANTAALTA:1PAXES,11,enfriamiento_sensible_kWh_termicos,0.0,720
CB,PRIMERAPLANTAALTA:1PAXES,12,enfriamiento_sensible_kWh_termicos,0.0,744
CB,PRIMERAPLANTAALTA:1PAXES,1,enfriamiento_total_kWh_termicos,0.0,744
CB,PRIMERAPLANTAALTA:1PAXES,2,enfriamiento_total_kWh_termicos,0.0,672
CB,PRIMERAPLANTAALTA:1PAXES,3,enfriamiento_total_kWh_termicos,0.0,744
CB,PRIMERAPLANTAALTA:1PAXES,4,enfriamiento_total_kWh_termicos,0.0,720
CB,PRIMERAPLANTAALTA:1PAXES,5,enfriamiento_total_kWh_termicos,0.0,744
CB,PRIMERAPLANTAALTA:1PAXES,6,enfriamiento_total_kWh_termicos,0.0,720
CB,PRIMERAPLANTAALTA:1PAXES,7,enfriamiento_total_kWh_termicos,0.0,744
CB,PRIMERAPLANTAALTA:1PAXES,8,enfriamiento_total_kWh_termicos,0.0,744
CB,PRIMERAPLANTAALTA:1PAXES,9,enfriamiento_total_kWh_termicos,0.0,720
CB,PRIMERAPLANTAALTA:1PAXES,10,enfriamiento_total_kWh_termicos,0.0,744
CB,PRIMERAPLANTAALTA:1PAXES,11,enfriamiento_total_kWh_termicos,0.0,720
CB,PRIMERAPLANTAALTA:1PAXES,12,enfriamiento_total_kWh_termicos,0.0,744
CB,PRIMERAPLANTAALTA:ASCENSOR,1,enfriamiento_sensible_kWh_termicos,0.0,744
CB,PRIMERAPLANTAALTA:ASCENSOR,2,enfriamiento_sensible_kWh_termicos,0.0,672
CB,PRIMERAPLANTAALTA:ASCENSOR,3,enfriamiento_sensible_kWh_termicos,0.0,744
CB,PRIMERAPLANTAALTA:ASCENSOR,4,enfriamiento_sensible_kWh_termicos,0.0,720
CB,PRIMERAPLANTAALTA:ASCENSOR,5,enfriamiento_sensible_kWh_termicos,0.0,744
CB,PRIMERAPLANTAALTA:ASCENSOR,6,enfriamiento_sensible_kWh_termicos,0.0,720
CB,PRIMERAPLANTAALTA:ASCENSOR,7,enfriamiento_sensible_kWh_termicos,0.0,744
CB,PRIMERAPLANTAALTA:ASCENSOR,8,enfriamiento_sensible_kWh_termicos,0.0,744
CB,PRIMERAPLANTAALTA:ASCENSOR,9,enfriamiento_sensible_kWh_termicos,0.0,720
CB,PRIMERAPLANTAALTA:ASCENSOR,10,enfriamiento_sensible_kWh_termicos,0.0,744
CB,PRIMERAPLANTAALTA:ASCENSOR,11,enfriamiento_sensible_kWh_termicos,0.0,720
CB,PRIMERAPLANTAALTA:ASCENSOR,12,enfriamiento_sensible_kWh_termicos,0.0,744
CB,PRIMERAPLANTAALTA:ASCENSOR,1,enfriamiento_total_kWh_termicos,0.0,744
CB,PRIMERAPLANTAALTA:ASCENSOR,2,enfriamiento_total_kWh_termicos,0.0,672
CB,PRIMERAPLANTAALTA:ASCENSOR,3,enfriamiento_total_kWh_termicos,0.0,744
CB,PRIMERAPLANTAALTA:ASCENSOR,4,enfriamiento_total_kWh_termicos,0.0,720
CB,PRIMERAPLANTAALTA:ASCENSOR,5,enfriamiento_total_kWh_termicos,0.0,744
CB,PRIMERAPLANTAALTA:ASCENSOR,6,enfriamiento_total_kWh_termicos,0.0,720
CB,PRIMERAPLANTAALTA:ASCENSOR,7,enfriamiento_total_kWh_termicos,0.0,744
CB,PRIMERAPLANTAALTA:ASCENSOR,8,enfriamiento_total_kWh_termicos,0.0,744
CB,PRIMERAPLANTAALTA:ASCENSOR,9,enfriamiento_total_kWh_termicos,0.0,720
CB,PRIMERAPLANTAALTA:ASCENSOR,10,enfriamiento_total_kWh_termicos,0.0,744
CB,PRIMERAPLANTAALTA:ASCENSOR,11,enfriamiento_total_kWh_termicos,0.0,720
CB,PRIMERAPLANTAALTA:ASCENSOR,12,enfriamiento_total_kWh_termicos,0.0,744
CB,PRIMERAPLANTAALTA:1PAXSR,1,enfriamiento_sensible_kWh_termicos,156.85963573646995,744
CB,PRIMERAPLANTAALTA:1PAXSR,2,enfriamiento_sensible_kWh_termicos,198.82659448664262,672
CB,PRIMERAPLANTAALTA:1PAXSR,3,enfriamiento_sensible_kWh_termicos,261.21406279296536,744
CB,PRIMERAPLANTAALTA:1PAXSR,4,enfriamiento_sensible_kWh_termicos,206.33883357611813,720
CB,PRIMERAPLANTAALTA:1PAXSR,5,enfriamiento_sensible_kWh_termicos,221.7531906007828,744
CB,PRIMERAPLANTAALTA:1PAXSR,6,enfriamiento_sensible_kWh_termicos,133.68526408931766,720
CB,PRIMERAPLANTAALTA:1PAXSR,7,enfriamiento_sensible_kWh_termicos,79.59976983243307,744
CB,PRIMERAPLANTAALTA:1PAXSR,8,enfriamiento_sensible_kWh_termicos,67.97739928635568,744
CB,PRIMERAPLANTAALTA:1PAXSR,9,enfriamiento_sensible_kWh_termicos,48.34378917095842,720
CB,PRIMERAPLANTAALTA:1PAXSR,10,enfriamiento_sensible_kWh_termicos,62.53158301684713,744
CB,PRIMERAPLANTAALTA:1PAXSR,11,enfriamiento_sensible_kWh_termicos,49.00965777286091,720
CB,PRIMERAPLANTAALTA:1PAXSR,12,enfriamiento_sensible_kWh_termicos,92.59833773992895,744
CB,PRIMERAPLANTAALTA:1PAXSR,1,enfriamiento_total_kWh_termicos,326.53935523860457,744
CB,PRIMERAPLANTAALTA:1PAXSR,2,enfriamiento_total_kWh_termicos,381.59010883169765,672
CB,PRIMERAPLANTAALTA:1PAXSR,3,enfriamiento_total_kWh_termicos,473.0710268483614,744
CB,PRIMERAPLANTAALTA:1PAXSR,4,enfriamiento_total_kWh_termicos,422.740211464171,720
CB,PRIMERAPLANTAALTA:1PAXSR,5,enfriamiento_total_kWh_termicos,417.7017904509093,744
CB,PRIMERAPLANTAALTA:1PAXSR,6,enfriamiento_total_kWh_termicos,260.0275560931164,720
CB,PRIMERAPLANTAALTA:1PAXSR,7,enfriamiento_total_kWh_termicos,161.63955059538628,744
CB,PRIMERAPLANTAALTA:1PAXSR,8,enfriamiento_total_kWh_termicos,129.6055272564849,744
CB,PRIMERAPLANTAALTA:1PAXSR,9,enfriamiento_total_kWh_termicos,92.1292961785167,720
CB,PRIMERAPLANTAALTA:1PAXSR,10,enfriamiento_total_kWh_termicos,104.13114106118485,744
CB,PRIMERAPLANTAALTA:1PAXSR,11,enfriamiento_total_kWh_termicos,86.2695078480608,720
CB,PRIMERAPLANTAALTA:1PAXSR,12,enfriamiento_total_kWh_termicos,197.86073793933403,744
CB,PRIMERAPLANTAALTA:1PAXPAS,1,enfriamiento_sensible_kWh_termicos,0.0,744
CB,PRIMERAPLANTAALTA:1PAXPAS,2,enfriamiento_sensible_kWh_termicos,0.0,672
CB,PRIMERAPLANTAALTA:1PAXPAS,3,enfriamiento_sensible_kWh_termicos,0.0,744
CB,PRIMERAPLANTAALTA:1PAXPAS,4,enfriamiento_sensible_kWh_termicos,0.0,720
CB,PRIMERAPLANTAALTA:1PAXPAS,5,enfriamiento_sensible_kWh_termicos,0.0,744
CB,PRIMERAPLANTAALTA:1PAXPAS,6,enfriamiento_sensible_kWh_termicos,0.0,720
CB,PRIMERAPLANTAALTA:1PAXPAS,7,enfriamiento_sensible_kWh_termicos,0.0,744
CB,PRIMERAPLANTAALTA:1PAXPAS,8,enfriamiento_sensible_kWh_termicos,0.0,744
CB,PRIMERAPLANTAALTA:1PAXPAS,9,enfriamiento_sensible_kWh_termicos,0.0,720
CB,PRIMERAPLANTAALTA:1PAXPAS,10,enfriamiento_sensible_kWh_termicos,0.0,744
CB,PRIMERAPLANTAALTA:1PAXPAS,11,enfriamiento_sensible_kWh_termicos,0.0,720
CB,PRIMERAPLANTAALTA:1PAXPAS,12,enfriamiento_sensible_kWh_termicos,0.0,744
CB,PRIMERAPLANTAALTA:1PAXPAS,1,enfriamiento_total_kWh_termicos,0.0,744
CB,PRIMERAPLANTAALTA:1PAXPAS,2,enfriamiento_total_kWh_termicos,0.0,672
CB,PRIMERAPLANTAALTA:1PAXPAS,3,enfriamiento_total_kWh_termicos,0.0,744
CB,PRIMERAPLANTAALTA:1PAXPAS,4,enfriamiento_total_kWh_termicos,0.0,720
CB,PRIMERAPLANTAALTA:1PAXPAS,5,enfriamiento_total_kWh_termicos,0.0,744
CB,PRIMERAPLANTAALTA:1PAXPAS,6,enfriamiento_total_kWh_termicos,0.0,720
CB,PRIMERAPLANTAALTA:1PAXPAS,7,enfriamiento_total_kWh_termicos,0.0,744
CB,PRIMERAPLANTAALTA:1PAXPAS,8,enfriamiento_total_kWh_termicos,0.0,744
CB,PRIMERAPLANTAALTA:1PAXPAS,9,enfriamiento_total_kWh_termicos,0.0,720
CB,PRIMERAPLANTAALTA:1PAXPAS,10,enfriamiento_total_kWh_termicos,0.0,744
CB,PRIMERAPLANTAALTA:1PAXPAS,11,enfriamiento_total_kWh_termicos,0.0,720
CB,PRIMERAPLANTAALTA:1PAXPAS,12,enfriamiento_total_kWh_termicos,0.0,744
CB,PRIMERAPLANTAALTA:1PAXOFX02,1,enfriamiento_sensible_kWh_termicos,158.74445128204172,744
CB,PRIMERAPLANTAALTA:1PAXOFX02,2,enfriamiento_sensible_kWh_termicos,184.6239472627056,672
CB,PRIMERAPLANTAALTA:1PAXOFX02,3,enfriamiento_sensible_kWh_termicos,230.0410037187929,744
CB,PRIMERAPLANTAALTA:1PAXOFX02,4,enfriamiento_sensible_kWh_termicos,191.03605584873893,720
CB,PRIMERAPLANTAALTA:1PAXOFX02,5,enfriamiento_sensible_kWh_termicos,200.74613284798008,744
CB,PRIMERAPLANTAALTA:1PAXOFX02,6,enfriamiento_sensible_kWh_termicos,135.94459870596694,720
CB,PRIMERAPLANTAALTA:1PAXOFX02,7,enfriamiento_sensible_kWh_termicos,89.47071474698295,744
CB,PRIMERAPLANTAALTA:1PAXOFX02,8,enfriamiento_sensible_kWh_termicos,73.50171622478511,744
CB,PRIMERAPLANTAALTA:1PAXOFX02,9,enfriamiento_sensible_kWh_termicos,56.477772806208094,720
CB,PRIMERAPLANTAALTA:1PAXOFX02,10,enfriamiento_sensible_kWh_termicos,74.74786755173753,744
CB,PRIMERAPLANTAALTA:1PAXOFX02,11,enfriamiento_sensible_kWh_termicos,65.17710897574449,720
CB,PRIMERAPLANTAALTA:1PAXOFX02,12,enfriamiento_sensible_kWh_termicos,105.41522153809451,744
CB,PRIMERAPLANTAALTA:1PAXOFX02,1,enfriamiento_total_kWh_termicos,311.38071751755206,744
CB,PRIMERAPLANTAALTA:1PAXOFX02,2,enfriamiento_total_kWh_termicos,343.72466742038864,672
CB,PRIMERAPLANTAALTA:1PAXOFX02,3,enfriamiento_total_kWh_termicos,409.9139587736027,744
CB,PRIMERAPLANTAALTA:1PAXOFX02,4,enfriamiento_total_kWh_termicos,378.46306357168777,720
CB,PRIMERAPLANTAALTA:1PAXOFX02,5,enfriamiento_total_kWh_termicos,372.64743245882704,744
CB,PRIMERAPLANTAALTA:1PAXOFX02,6,enfriamiento_total_kWh_termicos,255.09212780398428,720
CB,PRIMERAPLANTAALTA:1PAXOFX02,7,enfriamiento_total_kWh_termicos,183.5393203467912,744
CB,PRIMERAPLANTAALTA:1PAXOFX02,8,enfriamiento_total_kWh_termicos,138.071405045296,744
CB,PRIMERAPLANTAALTA:1PAXOFX02,9,enfriamiento_total_kWh_termicos,111.14601941901626,720
CB,PRIMERAPLANTAALTA:1PAXOFX02,10,enfriamiento_total_kWh_termicos,128.6470068448251,744
CB,PRIMERAPLANTAALTA:1PAXOFX02,11,enfriamiento_total_kWh_termicos,118.00091329961293,720
CB,PRIMERAPLANTAALTA:1PAXOFX02,12,enfriamiento_total_kWh_termicos,216.9899646983372,744
CB,PRIMERAPLANTAALTA:1PAXBAX02,1,enfriamiento_sensible_kWh_termicos,0.0,744
CB,PRIMERAPLANTAALTA:1PAXBAX02,2,enfriamiento_sensible_kWh_termicos,0.0,672
CB,PRIMERAPLANTAALTA:1PAXBAX02,3,enfriamiento_sensible_kWh_termicos,0.0,744
CB,PRIMERAPLANTAALTA:1PAXBAX02,4,enfriamiento_sensible_kWh_termicos,0.0,720
CB,PRIMERAPLANTAALTA:1PAXBAX02,5,enfriamiento_sensible_kWh_termicos,0.0,744
CB,PRIMERAPLANTAALTA:1PAXBAX02,6,enfriamiento_sensible_kWh_termicos,0.0,720
CB,PRIMERAPLANTAALTA:1PAXBAX02,7,enfriamiento_sensible_kWh_termicos,0.0,744
CB,PRIMERAPLANTAALTA:1PAXBAX02,8,enfriamiento_sensible_kWh_termicos,0.0,744
CB,PRIMERAPLANTAALTA:1PAXBAX02,9,enfriamiento_sensible_kWh_termicos,0.0,720
CB,PRIMERAPLANTAALTA:1PAXBAX02,10,enfriamiento_sensible_kWh_termicos,0.0,744
CB,PRIMERAPLANTAALTA:1PAXBAX02,11,enfriamiento_sensible_kWh_termicos,0.0,720
CB,PRIMERAPLANTAALTA:1PAXBAX02,12,enfriamiento_sensible_kWh_termicos,0.0,744
CB,PRIMERAPLANTAALTA:1PAXBAX02,1,enfriamiento_total_kWh_termicos,0.0,744
CB,PRIMERAPLANTAALTA:1PAXBAX02,2,enfriamiento_total_kWh_termicos,0.0,672
CB,PRIMERAPLANTAALTA:1PAXBAX02,3,enfriamiento_total_kWh_termicos,0.0,744
CB,PRIMERAPLANTAALTA:1PAXBAX02,4,enfriamiento_total_kWh_termicos,0.0,720
CB,PRIMERAPLANTAALTA:1PAXBAX02,5,enfriamiento_total_kWh_termicos,0.0,744
CB,PRIMERAPLANTAALTA:1PAXBAX02,6,enfriamiento_total_kWh_termicos,0.0,720
CB,PRIMERAPLANTAALTA:1PAXBAX02,7,enfriamiento_total_kWh_termicos,0.0,744
CB,PRIMERAPLANTAALTA:1PAXBAX02,8,enfriamiento_total_kWh_termicos,0.0,744
CB,PRIMERAPLANTAALTA:1PAXBAX02,9,enfriamiento_total_kWh_termicos,0.0,720
CB,PRIMERAPLANTAALTA:1PAXBAX02,10,enfriamiento_total_kWh_termicos,0.0,744
CB,PRIMERAPLANTAALTA:1PAXBAX02,11,enfriamiento_total_kWh_termicos,0.0,720
CB,PRIMERAPLANTAALTA:1PAXBAX02,12,enfriamiento_total_kWh_termicos,0.0,744
CB,PRIMERAPLANTAALTA:1PAXBAX01,1,enfriamiento_sensible_kWh_termicos,0.0,744
CB,PRIMERAPLANTAALTA:1PAXBAX01,2,enfriamiento_sensible_kWh_termicos,0.0,672
CB,PRIMERAPLANTAALTA:1PAXBAX01,3,enfriamiento_sensible_kWh_termicos,0.0,744
CB,PRIMERAPLANTAALTA:1PAXBAX01,4,enfriamiento_sensible_kWh_termicos,0.0,720
CB,PRIMERAPLANTAALTA:1PAXBAX01,5,enfriamiento_sensible_kWh_termicos,0.0,744
CB,PRIMERAPLANTAALTA:1PAXBAX01,6,enfriamiento_sensible_kWh_termicos,0.0,720
CB,PRIMERAPLANTAALTA:1PAXBAX01,7,enfriamiento_sensible_kWh_termicos,0.0,744
CB,PRIMERAPLANTAALTA:1PAXBAX01,8,enfriamiento_sensible_kWh_termicos,0.0,744
CB,PRIMERAPLANTAALTA:1PAXBAX01,9,enfriamiento_sensible_kWh_termicos,0.0,720
CB,PRIMERAPLANTAALTA:1PAXBAX01,10,enfriamiento_sensible_kWh_termicos,0.0,744
CB,PRIMERAPLANTAALTA:1PAXBAX01,11,enfriamiento_sensible_kWh_termicos,0.0,720
CB,PRIMERAPLANTAALTA:1PAXBAX01,12,enfriamiento_sensible_kWh_termicos,0.0,744
CB,PRIMERAPLANTAALTA:1PAXBAX01,1,enfriamiento_total_kWh_termicos,0.0,744
CB,PRIMERAPLANTAALTA:1PAXBAX01,2,enfriamiento_total_kWh_termicos,0.0,672
CB,PRIMERAPLANTAALTA:1PAXBAX01,3,enfriamiento_total_kWh_termicos,0.0,744
CB,PRIMERAPLANTAALTA:1PAXBAX01,4,enfriamiento_total_kWh_termicos,0.0,720
CB,PRIMERAPLANTAALTA:1PAXBAX01,5,enfriamiento_total_kWh_termicos,0.0,744
CB,PRIMERAPLANTAALTA:1PAXBAX01,6,enfriamiento_total_kWh_termicos,0.0,720
CB,PRIMERAPLANTAALTA:1PAXBAX01,7,enfriamiento_total_kWh_termicos,0.0,744
CB,PRIMERAPLANTAALTA:1PAXBAX01,8,enfriamiento_total_kWh_termicos,0.0,744
CB,PRIMERAPLANTAALTA:1PAXBAX01,9,enfriamiento_total_kWh_termicos,0.0,720
CB,PRIMERAPLANTAALTA:1PAXBAX01,10,enfriamiento_total_kWh_termicos,0.0,744
CB,PRIMERAPLANTAALTA:1PAXBAX01,11,enfriamiento_total_kWh_termicos,0.0,720
CB,PRIMERAPLANTAALTA:1PAXBAX01,12,enfriamiento_total_kWh_termicos,0.0,744
CB,PRIMERAPLANTAALTA:1PAXOFX03,1,enfriamiento_sensible_kWh_termicos,264.3931012814043,744
CB,PRIMERAPLANTAALTA:1PAXOFX03,2,enfriamiento_sensible_kWh_termicos,305.4309780268176,672
CB,PRIMERAPLANTAALTA:1PAXOFX03,3,enfriamiento_sensible_kWh_termicos,370.38115751215594,744
CB,PRIMERAPLANTAALTA:1PAXOFX03,4,enfriamiento_sensible_kWh_termicos,279.9098156097315,720
CB,PRIMERAPLANTAALTA:1PAXOFX03,5,enfriamiento_sensible_kWh_termicos,270.81268140453204,744
CB,PRIMERAPLANTAALTA:1PAXOFX03,6,enfriamiento_sensible_kWh_termicos,162.56546182799903,720
CB,PRIMERAPLANTAALTA:1PAXOFX03,7,enfriamiento_sensible_kWh_termicos,105.7746502727023,744
CB,PRIMERAPLANTAALTA:1PAXOFX03,8,enfriamiento_sensible_kWh_termicos,85.87275095203545,744
CB,PRIMERAPLANTAALTA:1PAXOFX03,9,enfriamiento_sensible_kWh_termicos,69.43902741068646,720
CB,PRIMERAPLANTAALTA:1PAXOFX03,10,enfriamiento_sensible_kWh_termicos,108.28132611992106,744
CB,PRIMERAPLANTAALTA:1PAXOFX03,11,enfriamiento_sensible_kWh_termicos,100.22746798525178,720
CB,PRIMERAPLANTAALTA:1PAXOFX03,12,enfriamiento_sensible_kWh_termicos,173.1267542706583,744
CB,PRIMERAPLANTAALTA:1PAXOFX03,1,enfriamiento_total_kWh_termicos,525.554958182127,744
CB,PRIMERAPLANTAALTA:1PAXOFX03,2,enfriamiento_total_kWh_termicos,582.9404494141811,672
CB,PRIMERAPLANTAALTA:1PAXOFX03,3,enfriamiento_total_kWh_termicos,678.9678559680738,744
CB,PRIMERAPLANTAALTA:1PAXOFX03,4,enfriamiento_total_kWh_termicos,593.6004886488591,720
CB,PRIMERAPLANTAALTA:1PAXOFX03,5,enfriamiento_total_kWh_termicos,548.9257648950164,744
CB,PRIMERAPLANTAALTA:1PAXOFX03,6,enfriamiento_total_kWh_termicos,336.80123023577914,720
CB,PRIMERAPLANTAALTA:1PAXOFX03,7,enfriamiento_total_kWh_termicos,218.4181299802144,744
CB,PRIMERAPLANTAALTA:1PAXOFX03,8,enfriamiento_total_kWh_termicos,165.3128617729966,744
CB,PRIMERAPLANTAALTA:1PAXOFX03,9,enfriamiento_total_kWh_termicos,132.83014602305047,720
CB,PRIMERAPLANTAALTA:1PAXOFX03,10,enfriamiento_total_kWh_termicos,184.1074825319895,744
CB,PRIMERAPLANTAALTA:1PAXOFX03,11,enfriamiento_total_kWh_termicos,178.26124835805635,720
CB,PRIMERAPLANTAALTA:1PAXOFX03,12,enfriamiento_total_kWh_termicos,354.8057166577277,744
CB,PRIMERAPLANTAALTA:1PAXOFX01,1,enfriamiento_sensible_kWh_termicos,296.37511172392135,744
CB,PRIMERAPLANTAALTA:1PAXOFX01,2,enfriamiento_sensible_kWh_termicos,334.8362307768134,672
CB,PRIMERAPLANTAALTA:1PAXOFX01,3,enfriamiento_sensible_kWh_termicos,405.01785405460123,744
CB,PRIMERAPLANTAALTA:1PAXOFX01,4,enfriamiento_sensible_kWh_termicos,284.5468514916662,720
CB,PRIMERAPLANTAALTA:1PAXOFX01,5,enfriamiento_sensible_kWh_termicos,253.87493204797192,744
CB,PRIMERAPLANTAALTA:1PAXOFX01,6,enfriamiento_sensible_kWh_termicos,147.2209141236746,720
CB,PRIMERAPLANTAALTA:1PAXOFX01,7,enfriamiento_sensible_kWh_termicos,95.9131229503666,744
CB,PRIMERAPLANTAALTA:1PAXOFX01,8,enfriamiento_sensible_kWh_termicos,87.28435074958182,744
CB,PRIMERAPLANTAALTA:1PAXOFX01,9,enfriamiento_sensible_kWh_termicos,88.5578504476424,720
CB,PRIMERAPLANTAALTA:1PAXOFX01,10,enfriamiento_sensible_kWh_termicos,140.31341907174638,744
CB,PRIMERAPLANTAALTA:1PAXOFX01,11,enfriamiento_sensible_kWh_termicos,132.92161121109018,720
CB,PRIMERAPLANTAALTA:1PAXOFX01,12,enfriamiento_sensible_kWh_termicos,205.11991881054703,744
CB,PRIMERAPLANTAALTA:1PAXOFX01,1,enfriamiento_total_kWh_termicos,531.9592690398368,744
CB,PRIMERAPLANTAALTA:1PAXOFX01,2,enfriamiento_total_kWh_termicos,577.9937205767525,672
CB,PRIMERAPLANTAALTA:1PAXOFX01,3,enfriamiento_total_kWh_termicos,677.0642342692086,744
CB,PRIMERAPLANTAALTA:1PAXOFX01,4,enfriamiento_total_kWh_termicos,554.2261032316087,720
CB,PRIMERAPLANTAALTA:1PAXOFX01,5,enfriamiento_total_kWh_termicos,486.1354015614362,744
CB,PRIMERAPLANTAALTA:1PAXOFX01,6,enfriamiento_total_kWh_termicos,292.3627646236433,720
CB,PRIMERAPLANTAALTA:1PAXOFX01,7,enfriamiento_total_kWh_termicos,194.3263826427306,744
CB,PRIMERAPLANTAALTA:1PAXOFX01,8,enfriamiento_total_kWh_termicos,161.90813400859943,744
CB,PRIMERAPLANTAALTA:1PAXOFX01,9,enfriamiento_total_kWh_termicos,163.99631744786058,720
CB,PRIMERAPLANTAALTA:1PAXOFX01,10,enfriamiento_total_kWh_termicos,221.96609867715435,744
CB,PRIMERAPLANTAALTA:1PAXOFX01,11,enfriamiento_total_kWh_termicos,215.84459880975547,720
CB,PRIMERAPLANTAALTA:1PAXOFX01,12,enfriamiento_total_kWh_termicos,369.87181074031366,744
CB,SEGUNDAPLANTAALTA:2PAXBAX01,1,enfriamiento_sensible_kWh_termicos,0.0,744
CB,SEGUNDAPLANTAALTA:2PAXBAX01,2,enfriamiento_sensible_kWh_termicos,0.0,672
CB,SEGUNDAPLANTAALTA:2PAXBAX01,3,enfriamiento_sensible_kWh_termicos,0.0,744
CB,SEGUNDAPLANTAALTA:2PAXBAX01,4,enfriamiento_sensible_kWh_termicos,0.0,720
CB,SEGUNDAPLANTAALTA:2PAXBAX01,5,enfriamiento_sensible_kWh_termicos,0.0,744
CB,SEGUNDAPLANTAALTA:2PAXBAX01,6,enfriamiento_sensible_kWh_termicos,0.0,720
CB,SEGUNDAPLANTAALTA:2PAXBAX01,7,enfriamiento_sensible_kWh_termicos,0.0,744
CB,SEGUNDAPLANTAALTA:2PAXBAX01,8,enfriamiento_sensible_kWh_termicos,0.0,744
CB,SEGUNDAPLANTAALTA:2PAXBAX01,9,enfriamiento_sensible_kWh_termicos,0.0,720
CB,SEGUNDAPLANTAALTA:2PAXBAX01,10,enfriamiento_sensible_kWh_termicos,0.0,744
CB,SEGUNDAPLANTAALTA:2PAXBAX01,11,enfriamiento_sensible_kWh_termicos,0.0,720
CB,SEGUNDAPLANTAALTA:2PAXBAX01,12,enfriamiento_sensible_kWh_termicos,0.0,744
CB,SEGUNDAPLANTAALTA:2PAXBAX01,1,enfriamiento_total_kWh_termicos,0.0,744
CB,SEGUNDAPLANTAALTA:2PAXBAX01,2,enfriamiento_total_kWh_termicos,0.0,672
CB,SEGUNDAPLANTAALTA:2PAXBAX01,3,enfriamiento_total_kWh_termicos,0.0,744
CB,SEGUNDAPLANTAALTA:2PAXBAX01,4,enfriamiento_total_kWh_termicos,0.0,720
CB,SEGUNDAPLANTAALTA:2PAXBAX01,5,enfriamiento_total_kWh_termicos,0.0,744
CB,SEGUNDAPLANTAALTA:2PAXBAX01,6,enfriamiento_total_kWh_termicos,0.0,720
CB,SEGUNDAPLANTAALTA:2PAXBAX01,7,enfriamiento_total_kWh_termicos,0.0,744
CB,SEGUNDAPLANTAALTA:2PAXBAX01,8,enfriamiento_total_kWh_termicos,0.0,744
CB,SEGUNDAPLANTAALTA:2PAXBAX01,9,enfriamiento_total_kWh_termicos,0.0,720
CB,SEGUNDAPLANTAALTA:2PAXBAX01,10,enfriamiento_total_kWh_termicos,0.0,744
CB,SEGUNDAPLANTAALTA:2PAXBAX01,11,enfriamiento_total_kWh_termicos,0.0,720
CB,SEGUNDAPLANTAALTA:2PAXBAX01,12,enfriamiento_total_kWh_termicos,0.0,744
CB,SEGUNDAPLANTAALTA:2PAXCAF,1,enfriamiento_sensible_kWh_termicos,140.24802410593557,744
CB,SEGUNDAPLANTAALTA:2PAXCAF,2,enfriamiento_sensible_kWh_termicos,166.43334777775382,672
CB,SEGUNDAPLANTAALTA:2PAXCAF,3,enfriamiento_sensible_kWh_termicos,205.33837254259618,744
CB,SEGUNDAPLANTAALTA:2PAXCAF,4,enfriamiento_sensible_kWh_termicos,154.8222797635601,720
CB,SEGUNDAPLANTAALTA:2PAXCAF,5,enfriamiento_sensible_kWh_termicos,148.79695956590507,744
CB,SEGUNDAPLANTAALTA:2PAXCAF,6,enfriamiento_sensible_kWh_termicos,83.23393382296385,720
CB,SEGUNDAPLANTAALTA:2PAXCAF,7,enfriamiento_sensible_kWh_termicos,57.8378805148786,744
CB,SEGUNDAPLANTAALTA:2PAXCAF,8,enfriamiento_sensible_kWh_termicos,43.0564610703579,744
CB,SEGUNDAPLANTAALTA:2PAXCAF,9,enfriamiento_sensible_kWh_termicos,35.22560507691746,720
CB,SEGUNDAPLANTAALTA:2PAXCAF,10,enfriamiento_sensible_kWh_termicos,54.38256497048222,744
CB,SEGUNDAPLANTAALTA:2PAXCAF,11,enfriamiento_sensible_kWh_termicos,50.49387254131828,720
CB,SEGUNDAPLANTAALTA:2PAXCAF,12,enfriamiento_sensible_kWh_termicos,88.44999496882329,744
CB,SEGUNDAPLANTAALTA:2PAXCAF,1,enfriamiento_total_kWh_termicos,334.28759296885227,744
CB,SEGUNDAPLANTAALTA:2PAXCAF,2,enfriamiento_total_kWh_termicos,393.94816235566805,672
CB,SEGUNDAPLANTAALTA:2PAXCAF,3,enfriamiento_total_kWh_termicos,494.4098446458747,744
CB,SEGUNDAPLANTAALTA:2PAXCAF,4,enfriamiento_total_kWh_termicos,411.51162321913336,720
CB,SEGUNDAPLANTAALTA:2PAXCAF,5,enfriamiento_total_kWh_termicos,361.60672443601464,744
CB,SEGUNDAPLANTAALTA:2PAXCAF,6,enfriamiento_total_kWh_termicos,160.24296175045728,720
CB,SEGUNDAPLANTAALTA:2PAXCAF,7,enfriamiento_total_kWh_termicos,88.94688678597475,744
CB,SEGUNDAPLANTAALTA:2PAXCAF,8,enfriamiento_total_kWh_termicos,55.312689292444176,744
CB,SEGUNDAPLANTAALTA:2PAXCAF,9,enfriamiento_total_kWh_termicos,38.94296645822456,720
CB,SEGUNDAPLANTAALTA:2PAXCAF,10,enfriamiento_total_kWh_termicos,66.35879605276858,744
CB,SEGUNDAPLANTAALTA:2PAXCAF,11,enfriamiento_total_kWh_termicos,64.6422790047493,720
CB,SEGUNDAPLANTAALTA:2PAXCAF,12,enfriamiento_total_kWh_termicos,171.8127358185992,744
CB,SEGUNDAPLANTAALTA:2PAXES,1,enfriamiento_sensible_kWh_termicos,0.0,744
CB,SEGUNDAPLANTAALTA:2PAXES,2,enfriamiento_sensible_kWh_termicos,0.0,672
CB,SEGUNDAPLANTAALTA:2PAXES,3,enfriamiento_sensible_kWh_termicos,0.0,744
CB,SEGUNDAPLANTAALTA:2PAXES,4,enfriamiento_sensible_kWh_termicos,0.0,720
CB,SEGUNDAPLANTAALTA:2PAXES,5,enfriamiento_sensible_kWh_termicos,0.0,744
CB,SEGUNDAPLANTAALTA:2PAXES,6,enfriamiento_sensible_kWh_termicos,0.0,720
CB,SEGUNDAPLANTAALTA:2PAXES,7,enfriamiento_sensible_kWh_termicos,0.0,744
CB,SEGUNDAPLANTAALTA:2PAXES,8,enfriamiento_sensible_kWh_termicos,0.0,744
CB,SEGUNDAPLANTAALTA:2PAXES,9,enfriamiento_sensible_kWh_termicos,0.0,720
CB,SEGUNDAPLANTAALTA:2PAXES,10,enfriamiento_sensible_kWh_termicos,0.0,744
CB,SEGUNDAPLANTAALTA:2PAXES,11,enfriamiento_sensible_kWh_termicos,0.0,720
CB,SEGUNDAPLANTAALTA:2PAXES,12,enfriamiento_sensible_kWh_termicos,0.0,744
CB,SEGUNDAPLANTAALTA:2PAXES,1,enfriamiento_total_kWh_termicos,0.0,744
CB,SEGUNDAPLANTAALTA:2PAXES,2,enfriamiento_total_kWh_termicos,0.0,672
CB,SEGUNDAPLANTAALTA:2PAXES,3,enfriamiento_total_kWh_termicos,0.0,744
CB,SEGUNDAPLANTAALTA:2PAXES,4,enfriamiento_total_kWh_termicos,0.0,720
CB,SEGUNDAPLANTAALTA:2PAXES,5,enfriamiento_total_kWh_termicos,0.0,744
CB,SEGUNDAPLANTAALTA:2PAXES,6,enfriamiento_total_kWh_termicos,0.0,720
CB,SEGUNDAPLANTAALTA:2PAXES,7,enfriamiento_total_kWh_termicos,0.0,744
CB,SEGUNDAPLANTAALTA:2PAXES,8,enfriamiento_total_kWh_termicos,0.0,744
CB,SEGUNDAPLANTAALTA:2PAXES,9,enfriamiento_total_kWh_termicos,0.0,720
CB,SEGUNDAPLANTAALTA:2PAXES,10,enfriamiento_total_kWh_termicos,0.0,744
CB,SEGUNDAPLANTAALTA:2PAXES,11,enfriamiento_total_kWh_termicos,0.0,720
CB,SEGUNDAPLANTAALTA:2PAXES,12,enfriamiento_total_kWh_termicos,0.0,744
CB,SEGUNDAPLANTAALTA:2PAXSUM,1,enfriamiento_sensible_kWh_termicos,425.3728313878598,744
CB,SEGUNDAPLANTAALTA:2PAXSUM,2,enfriamiento_sensible_kWh_termicos,503.3073824193919,672
CB,SEGUNDAPLANTAALTA:2PAXSUM,3,enfriamiento_sensible_kWh_termicos,608.8653634646449,744
CB,SEGUNDAPLANTAALTA:2PAXSUM,4,enfriamiento_sensible_kWh_termicos,419.1106408604459,720
CB,SEGUNDAPLANTAALTA:2PAXSUM,5,enfriamiento_sensible_kWh_termicos,377.19944963148026,744
CB,SEGUNDAPLANTAALTA:2PAXSUM,6,enfriamiento_sensible_kWh_termicos,197.76491822779724,720
CB,SEGUNDAPLANTAALTA:2PAXSUM,7,enfriamiento_sensible_kWh_termicos,117.41924256281574,744
CB,SEGUNDAPLANTAALTA:2PAXSUM,8,enfriamiento_sensible_kWh_termicos,103.46487918001267,744
CB,SEGUNDAPLANTAALTA:2PAXSUM,9,enfriamiento_sensible_kWh_termicos,100.43969726709102,720
CB,SEGUNDAPLANTAALTA:2PAXSUM,10,enfriamiento_sensible_kWh_termicos,178.61585283119186,744
CB,SEGUNDAPLANTAALTA:2PAXSUM,11,enfriamiento_sensible_kWh_termicos,171.26149130100944,720
CB,SEGUNDAPLANTAALTA:2PAXSUM,12,enfriamiento_sensible_kWh_termicos,278.8007093243927,744
CB,SEGUNDAPLANTAALTA:2PAXSUM,1,enfriamiento_total_kWh_termicos,867.0325083660408,744
CB,SEGUNDAPLANTAALTA:2PAXSUM,2,enfriamiento_total_kWh_termicos,970.5145782514231,672
CB,SEGUNDAPLANTAALTA:2PAXSUM,3,enfriamiento_total_kWh_termicos,1149.908457765516,744
CB,SEGUNDAPLANTAALTA:2PAXSUM,4,enfriamiento_total_kWh_termicos,937.3438758403215,720
CB,SEGUNDAPLANTAALTA:2PAXSUM,5,enfriamiento_total_kWh_termicos,817.6072840801492,744
CB,SEGUNDAPLANTAALTA:2PAXSUM,6,enfriamiento_total_kWh_termicos,430.83418083806697,720
CB,SEGUNDAPLANTAALTA:2PAXSUM,7,enfriamiento_total_kWh_termicos,222.7959679431981,744
CB,SEGUNDAPLANTAALTA:2PAXSUM,8,enfriamiento_total_kWh_termicos,189.38366236407944,744
CB,SEGUNDAPLANTAALTA:2PAXSUM,9,enfriamiento_total_kWh_termicos,179.25430746755927,720
CB,SEGUNDAPLANTAALTA:2PAXSUM,10,enfriamiento_total_kWh_termicos,291.2777498246327,744
CB,SEGUNDAPLANTAALTA:2PAXSUM,11,enfriamiento_total_kWh_termicos,294.98960011026423,720
CB,SEGUNDAPLANTAALTA:2PAXSUM,12,enfriamiento_total_kWh_termicos,556.0988335281387,744
CB,SEGUNDAPLANTAALTA:ASCENSOR,1,enfriamiento_sensible_kWh_termicos,0.0,744
CB,SEGUNDAPLANTAALTA:ASCENSOR,2,enfriamiento_sensible_kWh_termicos,0.0,672
CB,SEGUNDAPLANTAALTA:ASCENSOR,3,enfriamiento_sensible_kWh_termicos,0.0,744
CB,SEGUNDAPLANTAALTA:ASCENSOR,4,enfriamiento_sensible_kWh_termicos,0.0,720
CB,SEGUNDAPLANTAALTA:ASCENSOR,5,enfriamiento_sensible_kWh_termicos,0.0,744
CB,SEGUNDAPLANTAALTA:ASCENSOR,6,enfriamiento_sensible_kWh_termicos,0.0,720
CB,SEGUNDAPLANTAALTA:ASCENSOR,7,enfriamiento_sensible_kWh_termicos,0.0,744
CB,SEGUNDAPLANTAALTA:ASCENSOR,8,enfriamiento_sensible_kWh_termicos,0.0,744
CB,SEGUNDAPLANTAALTA:ASCENSOR,9,enfriamiento_sensible_kWh_termicos,0.0,720
CB,SEGUNDAPLANTAALTA:ASCENSOR,10,enfriamiento_sensible_kWh_termicos,0.0,744
CB,SEGUNDAPLANTAALTA:ASCENSOR,11,enfriamiento_sensible_kWh_termicos,0.0,720
CB,SEGUNDAPLANTAALTA:ASCENSOR,12,enfriamiento_sensible_kWh_termicos,0.0,744
CB,SEGUNDAPLANTAALTA:ASCENSOR,1,enfriamiento_total_kWh_termicos,0.0,744
CB,SEGUNDAPLANTAALTA:ASCENSOR,2,enfriamiento_total_kWh_termicos,0.0,672
CB,SEGUNDAPLANTAALTA:ASCENSOR,3,enfriamiento_total_kWh_termicos,0.0,744
CB,SEGUNDAPLANTAALTA:ASCENSOR,4,enfriamiento_total_kWh_termicos,0.0,720
CB,SEGUNDAPLANTAALTA:ASCENSOR,5,enfriamiento_total_kWh_termicos,0.0,744
CB,SEGUNDAPLANTAALTA:ASCENSOR,6,enfriamiento_total_kWh_termicos,0.0,720
CB,SEGUNDAPLANTAALTA:ASCENSOR,7,enfriamiento_total_kWh_termicos,0.0,744
CB,SEGUNDAPLANTAALTA:ASCENSOR,8,enfriamiento_total_kWh_termicos,0.0,744
CB,SEGUNDAPLANTAALTA:ASCENSOR,9,enfriamiento_total_kWh_termicos,0.0,720
CB,SEGUNDAPLANTAALTA:ASCENSOR,10,enfriamiento_total_kWh_termicos,0.0,744
CB,SEGUNDAPLANTAALTA:ASCENSOR,11,enfriamiento_total_kWh_termicos,0.0,720
CB,SEGUNDAPLANTAALTA:ASCENSOR,12,enfriamiento_total_kWh_termicos,0.0,744
CB,SEGUNDAPLANTAALTA:2PAXPAS,1,enfriamiento_sensible_kWh_termicos,0.0,744
CB,SEGUNDAPLANTAALTA:2PAXPAS,2,enfriamiento_sensible_kWh_termicos,0.0,672
CB,SEGUNDAPLANTAALTA:2PAXPAS,3,enfriamiento_sensible_kWh_termicos,0.0,744
CB,SEGUNDAPLANTAALTA:2PAXPAS,4,enfriamiento_sensible_kWh_termicos,0.0,720
CB,SEGUNDAPLANTAALTA:2PAXPAS,5,enfriamiento_sensible_kWh_termicos,0.0,744
CB,SEGUNDAPLANTAALTA:2PAXPAS,6,enfriamiento_sensible_kWh_termicos,0.0,720
CB,SEGUNDAPLANTAALTA:2PAXPAS,7,enfriamiento_sensible_kWh_termicos,0.0,744
CB,SEGUNDAPLANTAALTA:2PAXPAS,8,enfriamiento_sensible_kWh_termicos,0.0,744
CB,SEGUNDAPLANTAALTA:2PAXPAS,9,enfriamiento_sensible_kWh_termicos,0.0,720
CB,SEGUNDAPLANTAALTA:2PAXPAS,10,enfriamiento_sensible_kWh_termicos,0.0,744
CB,SEGUNDAPLANTAALTA:2PAXPAS,11,enfriamiento_sensible_kWh_termicos,0.0,720
CB,SEGUNDAPLANTAALTA:2PAXPAS,12,enfriamiento_sensible_kWh_termicos,0.0,744
CB,SEGUNDAPLANTAALTA:2PAXPAS,1,enfriamiento_total_kWh_termicos,0.0,744
CB,SEGUNDAPLANTAALTA:2PAXPAS,2,enfriamiento_total_kWh_termicos,0.0,672
CB,SEGUNDAPLANTAALTA:2PAXPAS,3,enfriamiento_total_kWh_termicos,0.0,744
CB,SEGUNDAPLANTAALTA:2PAXPAS,4,enfriamiento_total_kWh_termicos,0.0,720
CB,SEGUNDAPLANTAALTA:2PAXPAS,5,enfriamiento_total_kWh_termicos,0.0,744
CB,SEGUNDAPLANTAALTA:2PAXPAS,6,enfriamiento_total_kWh_termicos,0.0,720
CB,SEGUNDAPLANTAALTA:2PAXPAS,7,enfriamiento_total_kWh_termicos,0.0,744
CB,SEGUNDAPLANTAALTA:2PAXPAS,8,enfriamiento_total_kWh_termicos,0.0,744
CB,SEGUNDAPLANTAALTA:2PAXPAS,9,enfriamiento_total_kWh_termicos,0.0,720
CB,SEGUNDAPLANTAALTA:2PAXPAS,10,enfriamiento_total_kWh_termicos,0.0,744
CB,SEGUNDAPLANTAALTA:2PAXPAS,11,enfriamiento_total_kWh_termicos,0.0,720
CB,SEGUNDAPLANTAALTA:2PAXPAS,12,enfriamiento_total_kWh_termicos,0.0,744
C1,PLANTABAJA:PBXESX01,1,temperatura_operativa_C,26.573113157108363,744
C1,PLANTABAJA:PBXESX01,2,temperatura_operativa_C,27.40093669042955,672
C1,PLANTABAJA:PBXESX01,3,temperatura_operativa_C,28.266901820568354,744
C1,PLANTABAJA:PBXESX01,4,temperatura_operativa_C,27.476004011702248,720
C1,PLANTABAJA:PBXESX01,5,temperatura_operativa_C,27.41297988503867,744
C1,PLANTABAJA:PBXESX01,6,temperatura_operativa_C,26.13808217934113,720
C1,PLANTABAJA:PBXESX01,7,temperatura_operativa_C,24.81247894003713,744
C1,PLANTABAJA:PBXESX01,8,temperatura_operativa_C,24.682126910997063,744
C1,PLANTABAJA:PBXESX01,9,temperatura_operativa_C,24.320797465457275,720
C1,PLANTABAJA:PBXESX01,10,temperatura_operativa_C,24.47450080370398,744
C1,PLANTABAJA:PBXESX01,11,temperatura_operativa_C,24.495432603571004,720
C1,PLANTABAJA:PBXESX01,12,temperatura_operativa_C,25.526638575666247,744
C1,PLANTABAJA:PBXBOX01,1,temperatura_operativa_C,26.551536841090414,744
C1,PLANTABAJA:PBXBOX01,2,temperatura_operativa_C,27.63869680552119,672
C1,PLANTABAJA:PBXBOX01,3,temperatura_operativa_C,28.712520015335432,744
C1,PLANTABAJA:PBXBOX01,4,temperatura_operativa_C,27.824458913108153,720
C1,PLANTABAJA:PBXBOX01,5,temperatura_operativa_C,27.9618677783167,744
C1,PLANTABAJA:PBXBOX01,6,temperatura_operativa_C,26.492165930668843,720
C1,PLANTABAJA:PBXBOX01,7,temperatura_operativa_C,24.90162912334935,744
C1,PLANTABAJA:PBXBOX01,8,temperatura_operativa_C,24.9155090171252,744
C1,PLANTABAJA:PBXBOX01,9,temperatura_operativa_C,24.422661856682645,720
C1,PLANTABAJA:PBXBOX01,10,temperatura_operativa_C,24.46235608032845,744
C1,PLANTABAJA:PBXBOX01,11,temperatura_operativa_C,24.401891842865684,720
C1,PLANTABAJA:PBXBOX01,12,temperatura_operativa_C,25.47544968480663,744
C1,PLANTABAJA:PBXBAX01,1,temperatura_operativa_C,26.80371195607773,744
C1,PLANTABAJA:PBXBAX01,2,temperatura_operativa_C,27.913806371725656,672
C1,PLANTABAJA:PBXBAX01,3,temperatura_operativa_C,28.93939375042338,744
C1,PLANTABAJA:PBXBAX01,4,temperatura_operativa_C,28.116884409533252,720
C1,PLANTABAJA:PBXBAX01,5,temperatura_operativa_C,28.239557330827264,744
C1,PLANTABAJA:PBXBAX01,6,temperatura_operativa_C,26.73386584864827,720
C1,PLANTABAJA:PBXBAX01,7,temperatura_operativa_C,25.135000956462335,744
C1,PLANTABAJA:PBXBAX01,8,temperatura_operativa_C,25.10157046069614,744
C1,PLANTABAJA:PBXBAX01,9,temperatura_operativa_C,24.5845360273811,720
C1,PLANTABAJA:PBXBAX01,10,temperatura_operativa_C,24.648437741388236,744
C1,PLANTABAJA:PBXBAX01,11,temperatura_operativa_C,24.61381808838302,720
C1,PLANTABAJA:PBXBAX01,12,temperatura_operativa_C,25.721554656525758,744
C1,PLANTABAJA:PBXREX01,1,temperatura_operativa_C,26.554030370688203,744
C1,PLANTABAJA:PBXREX01,2,temperatura_operativa_C,27.43162873021342,672
C1,PLANTABAJA:PBXREX01,3,temperatura_operativa_C,28.296302793954027,744
C1,PLANTABAJA:PBXREX01,4,temperatura_operativa_C,27.551705578559986,720
C1,PLANTABAJA:PBXREX01,5,temperatura_operativa_C,27.516918361341297,744
C1,PLANTABAJA:PBXREX01,6,temperatura_operativa_C,26.23031777742634,720
C1,PLANTABAJA:PBXREX01,7,temperatura_operativa_C,24.856473276677438,744
C1,PLANTABAJA:PBXREX01,8,temperatura_operativa_C,24.699192830567423,744
C1,PLANTABAJA:PBXREX01,9,temperatura_operativa_C,24.311172168669273,720
C1,PLANTABAJA:PBXREX01,10,temperatura_operativa_C,24.459850805021308,744
C1,PLANTABAJA:PBXREX01,11,temperatura_operativa_C,24.444679516706614,720
C1,PLANTABAJA:PBXREX01,12,temperatura_operativa_C,25.505142693800796,744
C1,PLANTABAJA:ASCENSOR,1,temperatura_operativa_C,26.763441316785237,744
C1,PLANTABAJA:ASCENSOR,2,temperatura_operativa_C,27.50010878581858,672
C1,PLANTABAJA:ASCENSOR,3,temperatura_operativa_C,28.366430499826386,744
C1,PLANTABAJA:ASCENSOR,4,temperatura_operativa_C,27.635222624909545,720
C1,PLANTABAJA:ASCENSOR,5,temperatura_operativa_C,27.40676386709244,744
C1,PLANTABAJA:ASCENSOR,6,temperatura_operativa_C,26.179368061072516,720
C1,PLANTABAJA:ASCENSOR,7,temperatura_operativa_C,24.908657900568237,744
C1,PLANTABAJA:ASCENSOR,8,temperatura_operativa_C,24.668392534987166,744
C1,PLANTABAJA:ASCENSOR,9,temperatura_operativa_C,24.338224501518877,720
C1,PLANTABAJA:ASCENSOR,10,temperatura_operativa_C,24.50613657626327,744
C1,PLANTABAJA:ASCENSOR,11,temperatura_operativa_C,24.632404494751057,720
C1,PLANTABAJA:ASCENSOR,12,temperatura_operativa_C,25.68803431999173,744
C1,PLANTABAJA:PBXSEX01,1,temperatura_operativa_C,26.785325982483226,744
C1,PLANTABAJA:PBXSEX01,2,temperatura_operativa_C,27.460326948414234,672
C1,PLANTABAJA:PBXSEX01,3,temperatura_operativa_C,28.137988954374826,744
C1,PLANTABAJA:PBXSEX01,4,temperatura_operativa_C,27.48303747242463,720
C1,PLANTABAJA:PBXSEX01,5,temperatura_operativa_C,27.215958956722954,744
C1,PLANTABAJA:PBXSEX01,6,temperatura_operativa_C,26.034232411193816,720
C1,PLANTABAJA:PBXSEX01,7,temperatura_operativa_C,24.83622337592539,744
C1,PLANTABAJA:PBXSEX01,8,temperatura_operativa_C,24.55471508699551,744
C1,PLANTABAJA:PBXSEX01,9,temperatura_operativa_C,24.28850295485965,720
C1,PLANTABAJA:PBXSEX01,10,temperatura_operativa_C,24.56199819515553,744
C1,PLANTABAJA:PBXSEX01,11,temperatura_operativa_C,24.694910122274056,720
C1,PLANTABAJA:PBXSEX01,12,temperatura_operativa_C,25.769129896630666,744
C1,PLANTABAJA:PBXOFX03,1,temperatura_operativa_C,27.28676923365508,744
C1,PLANTABAJA:PBXOFX03,2,temperatura_operativa_C,28.01360931823512,672
C1,PLANTABAJA:PBXOFX03,3,temperatura_operativa_C,28.58419591975392,744
C1,PLANTABAJA:PBXOFX03,4,temperatura_operativa_C,27.594889451950536,720
C1,PLANTABAJA:PBXOFX03,5,temperatura_operativa_C,27.24776041628401,744
C1,PLANTABAJA:PBXOFX03,6,temperatura_operativa_C,26.016851385968806,720
C1,PLANTABAJA:PBXOFX03,7,temperatura_operativa_C,24.904393518657237,744
C1,PLANTABAJA:PBXOFX03,8,temperatura_operativa_C,24.7055760307231,744
C1,PLANTABAJA:PBXOFX03,9,temperatura_operativa_C,24.580109510749118,720
C1,PLANTABAJA:PBXOFX03,10,temperatura_operativa_C,25.023702578830576,744
C1,PLANTABAJA:PBXOFX03,11,temperatura_operativa_C,25.240045718592985,720
C1,PLANTABAJA:PBXOFX03,12,temperatura_operativa_C,26.32462926154654,744
C1,PLANTABAJA:PBXOFX02,1,temperatura_operativa_C,27.29602207891064,744
C1,PLANTABAJA:PBXOFX02,2,temperatura_operativa_C,27.992995370025614,672
C1,PLANTABAJA:PBXOFX02,3,temperatura_operativa_C,28.560276588489476,744
C1,PLANTABAJA:PBXOFX02,4,temperatura_operativa_C,27.64252597910502,720
C1,PLANTABAJA:PBXOFX02,5,temperatura_operativa_C,27.355177856565557,744
C1,PLANTABAJA:PBXOFX02,6,temperatura_operativa_C,26.170849978175486,720
C1,PLANTABAJA:PBXOFX02,7,temperatura_operativa_C,25.086496956267705,744
C1,PLANTABAJA:PBXOFX02,8,temperatura_operativa_C,24.900792652240536,744
C1,PLANTABAJA:PBXOFX02,9,temperatura_operativa_C,24.741114697843354,720
C1,PLANTABAJA:PBXOFX02,10,temperatura_operativa_C,25.146324124576818,744
C1,PLANTABAJA:PBXOFX02,11,temperatura_operativa_C,25.376559067879032,720
C1,PLANTABAJA:PBXOFX02,12,temperatura_operativa_C,26.408170790994042,744
C1,PLANTABAJA:PBXOFX01,1,temperatura_operativa_C,27.1455667989121,744
C1,PLANTABAJA:PBXOFX01,2,temperatura_operativa_C,28.02631380139951,672
C1,PLANTABAJA:PBXOFX01,3,temperatura_operativa_C,28.683381427892904,744
C1,PLANTABAJA:PBXOFX01,4,temperatura_operativa_C,27.682696013599156,720
C1,PLANTABAJA:PBXOFX01,5,temperatura_operativa_C,27.71638071395257,744
C1,PLANTABAJA:PBXOFX01,6,temperatura_operativa_C,26.47072506421491,720
C1,PLANTABAJA:PBXOFX01,7,temperatura_operativa_C,25.237162240578655,744
C1,PLANTABAJA:PBXOFX01,8,temperatura_operativa_C,25.24914875646829,744
C1,PLANTABAJA:PBXOFX01,9,temperatura_operativa_C,24.9748481672441,720
C1,PLANTABAJA:PBXOFX01,10,temperatura_operativa_C,25.262131362406567,744
C1,PLANTABAJA:PBXOFX01,11,temperatura_operativa_C,25.359244826326307,720
C1,PLANTABAJA:PBXOFX01,12,temperatura_operativa_C,26.34587377776179,744
C1,PRIMERAPLANTAALTA:1PAXDC,1,temperatura_operativa_C,24.25947511727206,744
C1,PRIMERAPLANTAALTA:1PAXDC,2,temperatura_operativa_C,24.556315100336356,672
C1,PRIMERAPLANTAALTA:1PAXDC,3,temperatura_operativa_C,24.835629251803528,744
C1,PRIMERAPLANTAALTA:1PAXDC,4,temperatura_operativa_C,24.41380857444227,720
C1,PRIMERAPLANTAALTA:1PAXDC,5,temperatura_operativa_C,24.45525646803037,744
C1,PRIMERAPLANTAALTA:1PAXDC,6,temperatura_operativa_C,24.064616633036046,720
C1,PRIMERAPLANTAALTA:1PAXDC,7,temperatura_operativa_C,23.67099295782062,744
C1,PRIMERAPLANTAALTA:1PAXDC,8,temperatura_operativa_C,23.766292519237318,744
C1,PRIMERAPLANTAALTA:1PAXDC,9,temperatura_operativa_C,23.668818769357923,720
C1,PRIMERAPLANTAALTA:1PAXDC,10,temperatura_operativa_C,23.742409742581298,744
C1,PRIMERAPLANTAALTA:1PAXDC,11,temperatura_operativa_C,23.695999194874517,720
C1,PRIMERAPLANTAALTA:1PAXDC,12,temperatura_operativa_C,23.94401539649055,744
C1,PRIMERAPLANTAALTA:1PAXES,1,temperatura_operativa_C,27.62937826363798,744
C1,PRIMERAPLANTAALTA:1PAXES,2,temperatura_operativa_C,28.530586510156148,672
C1,PRIMERAPLANTAALTA:1PAXES,3,temperatura_operativa_C,29.716986733254167,744
C1,PRIMERAPLANTAALTA:1PAXES,4,temperatura_operativa_C,28.18669493280401,720
C1,PRIMERAPLANTAALTA:1PAXES,5,temperatura_operativa_C,28.125371208183537,744
C1,PRIMERAPLANTAALTA:1PAXES,6,temperatura_operativa_C,26.714473742203875,720
C1,PRIMERAPLANTAALTA:1PAXES,7,temperatura_operativa_C,25.293648213350984,744
C1,PRIMERAPLANTAALTA:1PAXES,8,temperatura_operativa_C,25.313479390701282,744
C1,PRIMERAPLANTAALTA:1PAXES,9,temperatura_operativa_C,24.905457336870878,720
C1,PRIMERAPLANTAALTA:1PAXES,10,temperatura_operativa_C,25.23474332973435,744
C1,PRIMERAPLANTAALTA:1PAXES,11,temperatura_operativa_C,25.14820650598751,720
C1,PRIMERAPLANTAALTA:1PAXES,12,temperatura_operativa_C,26.14554191654961,744
C1,PRIMERAPLANTAALTA:ASCENSOR,1,temperatura_operativa_C,27.394522891865524,744
C1,PRIMERAPLANTAALTA:ASCENSOR,2,temperatura_operativa_C,28.212184805392585,672
C1,PRIMERAPLANTAALTA:ASCENSOR,3,temperatura_operativa_C,29.40041849622129,744
C1,PRIMERAPLANTAALTA:ASCENSOR,4,temperatura_operativa_C,28.064512825501456,720
C1,PRIMERAPLANTAALTA:ASCENSOR,5,temperatura_operativa_C,27.83782813235147,744
C1,PRIMERAPLANTAALTA:ASCENSOR,6,temperatura_operativa_C,26.492667492986502,720
C1,PRIMERAPLANTAALTA:ASCENSOR,7,temperatura_operativa_C,25.150339000369684,744
C1,PRIMERAPLANTAALTA:ASCENSOR,8,temperatura_operativa_C,25.011266086845968,744
C1,PRIMERAPLANTAALTA:ASCENSOR,9,temperatura_operativa_C,24.640273597362295,720
C1,PRIMERAPLANTAALTA:ASCENSOR,10,temperatura_operativa_C,24.903662143597042,744
C1,PRIMERAPLANTAALTA:ASCENSOR,11,temperatura_operativa_C,24.943117078792078,720
C1,PRIMERAPLANTAALTA:ASCENSOR,12,temperatura_operativa_C,25.962440705284944,744
C1,PRIMERAPLANTAALTA:1PAXSR,1,temperatura_operativa_C,27.033747382757713,744
C1,PRIMERAPLANTAALTA:1PAXSR,2,temperatura_operativa_C,28.090677082704268,672
C1,PRIMERAPLANTAALTA:1PAXSR,3,temperatura_operativa_C,29.151059501403882,744
C1,PRIMERAPLANTAALTA:1PAXSR,4,temperatura_operativa_C,28.04874599604407,720
C1,PRIMERAPLANTAALTA:1PAXSR,5,temperatura_operativa_C,28.287024089961776,744
C1,PRIMERAPLANTAALTA:1PAXSR,6,temperatura_operativa_C,27.033416590699193,720
C1,PRIMERAPLANTAALTA:1PAXSR,7,temperatura_operativa_C,25.58580918292508,744
C1,PRIMERAPLANTAALTA:1PAXSR,8,temperatura_operativa_C,25.736533055356126,744
C1,PRIMERAPLANTAALTA:1PAXSR,9,temperatura_operativa_C,25.247914406104094,720
C1,PRIMERAPLANTAALTA:1PAXSR,10,temperatura_operativa_C,25.316417682662333,744
C1,PRIMERAPLANTAALTA:1PAXSR,11,temperatura_operativa_C,25.08149069946115,720
C1,PRIMERAPLANTAALTA:1PAXSR,12,temperatura_operativa_C,25.936802651035695,744
C1,PRIMERAPLANTAALTA:1PAXPAS,1,temperatura_operativa_C,28.340774229896354,744
C1,PRIMERAPLANTAALTA:1PAXPAS,2,temperatura_operativa_C,29.055771467526544,672
C1,PRIMERAPLANTAALTA:1PAXPAS,3,temperatura_operativa_C,30.000836120335137,744
C1,PRIMERAPLANTAALTA:1PAXPAS,4,temperatura_operativa_C,28.488385922681086,720
C1,PRIMERAPLANTAALTA:1PAXPAS,5,temperatura_operativa_C,28.14138031209784,744
C1,PRIMERAPLANTAALTA:1PAXPAS,6,temperatura_operativa_C,26.78546401718826,720
C1,PRIMERAPLANTAALTA:1PAXPAS,7,temperatura_operativa_C,25.504817365283813,744
C1,PRIMERAPLANTAALTA:1PAXPAS,8,temperatura_operativa_C,25.369470615449764,744
C1,PRIMERAPLANTAALTA:1PAXPAS,9,temperatura_operativa_C,25.101477197035102,720
C1,PRIMERAPLANTAALTA:1PAXPAS,10,temperatura_operativa_C,25.651314043372192,744
C1,PRIMERAPLANTAALTA:1PAXPAS,11,temperatura_operativa_C,25.74878573346443,720
C1,PRIMERAPLANTAALTA:1PAXPAS,12,temperatura_operativa_C,26.823048017693342,744
C1,PRIMERAPLANTAALTA:1PAXOFX02,1,temperatura_operativa_C,27.200625296307702,744
C1,PRIMERAPLANTAALTA:1PAXOFX02,2,temperatura_operativa_C,27.97042294150604,672
C1,PRIMERAPLANTAALTA:1PAXOFX02,3,temperatura_operativa_C,28.732294912619725,744
C1,PRIMERAPLANTAALTA:1PAXOFX02,4,temperatura_operativa_C,27.943496106901712,720
C1,PRIMERAPLANTAALTA:1PAXOFX02,5,temperatura_operativa_C,27.855551788917484,744
C1,PRIMERAPLANTAALTA:1PAXOFX02,6,temperatura_operativa_C,26.75220970982173,720
C1,PRIMERAPLANTAALTA:1PAXOFX02,7,temperatura_operativa_C,25.490686997097228,744
C1,PRIMERAPLANTAALTA:1PAXOFX02,8,temperatura_operativa_C,25.211063131131734,744
C1,PRIMERAPLANTAALTA:1PAXOFX02,9,temperatura_operativa_C,24.828320314143607,720
C1,PRIMERAPLANTAALTA:1PAXOFX02,10,temperatura_operativa_C,25.122047946765182,744
C1,PRIMERAPLANTAALTA:1PAXOFX02,11,temperatura_operativa_C,25.15622158801799,720
C1,PRIMERAPLANTAALTA:1PAXOFX02,12,temperatura_operativa_C,26.08517833988518,744
C1,PRIMERAPLANTAALTA:1PAXBAX02,1,temperatura_operativa_C,28.70253198006223,744
C1,PRIMERAPLANTAALTA:1PAXBAX02,2,temperatura_operativa_C,29.77169478983357,672
C1,PRIMERAPLANTAALTA:1PAXBAX02,3,temperatura_operativa_C,30.764160416982698,744
C1,PRIMERAPLANTAALTA:1PAXBAX02,4,temperatura_operativa_C,28.523058725880745,720
C1,PRIMERAPLANTAALTA:1PAXBAX02,5,temperatura_operativa_C,28.277675708682544,744
C1,PRIMERAPLANTAALTA:1PAXBAX02,6,temperatura_operativa_C,26.63394816201641,720
C1,PRIMERAPLANTAALTA:1PAXBAX02,7,temperatura_operativa_C,25.32213198422536,744
C1,PRIMERAPLANTAALTA:1PAXBAX02,8,temperatura_operativa_C,25.644704368337482,744
C1,PRIMERAPLANTAALTA:1PAXBAX02,9,temperatura_operativa_C,25.55841001395375,720
C1,PRIMERAPLANTAALTA:1PAXBAX02,10,temperatura_operativa_C,26.198087632252335,744
C1,PRIMERAPLANTAALTA:1PAXBAX02,11,temperatura_operativa_C,26.199091781489884,720
C1,PRIMERAPLANTAALTA:1PAXBAX02,12,temperatura_operativa_C,27.34078963598921,744
C1,PRIMERAPLANTAALTA:1PAXBAX01,1,temperatura_operativa_C,29.13057437810776,744
C1,PRIMERAPLANTAALTA:1PAXBAX01,2,temperatura_operativa_C,29.968658639961046,672
C1,PRIMERAPLANTAALTA:1PAXBAX01,3,temperatura_operativa_C,30.71063004254339,744
C1,PRIMERAPLANTAALTA:1PAXBAX01,4,temperatura_operativa_C,28.931918964948697,720
C1,PRIMERAPLANTAALTA:1PAXBAX01,5,temperatura_operativa_C,28.291007084846534,744
C1,PRIMERAPLANTAALTA:1PAXBAX01,6,temperatura_operativa_C,26.79555090030815,720
C1,PRIMERAPLANTAALTA:1PAXBAX01,7,temperatura_operativa_C,25.504066891238807,744
C1,PRIMERAPLANTAALTA:1PAXBAX01,8,temperatura_operativa_C,25.289402994825856,744
C1,PRIMERAPLANTAALTA:1PAXBAX01,9,temperatura_operativa_C,25.231630004521573,720
C1,PRIMERAPLANTAALTA:1PAXBAX01,10,temperatura_operativa_C,26.11532952344912,744
C1,PRIMERAPLANTAALTA:1PAXBAX01,11,temperatura_operativa_C,26.418725907338274,720
C1,PRIMERAPLANTAALTA:1PAXBAX01,12,temperatura_operativa_C,27.618306359941105,744
C1,PRIMERAPLANTAALTA:ATRIO1PA,1,temperatura_operativa_C,28.830403127623033,744
C1,PRIMERAPLANTAALTA:ATRIO1PA,2,temperatura_operativa_C,29.57306689705519,672
C1,PRIMERAPLANTAALTA:ATRIO1PA,3,temperatura_operativa_C,30.474421403935775,744
C1,PRIMERAPLANTAALTA:ATRIO1PA,4,temperatura_operativa_C,28.741248880837762,720
C1,PRIMERAPLANTAALTA:ATRIO1PA,5,temperatura_operativa_C,28.251821002168914,744
C1,PRIMERAPLANTAALTA:ATRIO1PA,6,temperatura_operativa_C,26.771006183287096,720
C1,PRIMERAPLANTAALTA:ATRIO1PA,7,temperatura_operativa_C,25.434561320160785,744
C1,PRIMERAPLANTAALTA:ATRIO1PA,8,temperatura_operativa_C,25.31211699966851,744
C1,PRIMERAPLANTAALTA:ATRIO1PA,9,temperatura_operativa_C,25.110925152357634,720
C1,PRIMERAPLANTAALTA:ATRIO1PA,10,temperatura_operativa_C,25.840154612287606,744
C1,PRIMERAPLANTAALTA:ATRIO1PA,11,temperatura_operativa_C,26.015916078553246,720
C1,PRIMERAPLANTAALTA:ATRIO1PA,12,temperatura_operativa_C,27.20209265905019,744
C1,PRIMERAPLANTAALTA:1PAXOFX03,1,temperatura_operativa_C,27.26780673006069,744
C1,PRIMERAPLANTAALTA:1PAXOFX03,2,temperatura_operativa_C,28.107662775905958,672
C1,PRIMERAPLANTAALTA:1PAXOFX03,3,temperatura_operativa_C,28.869702991899615,744
C1,PRIMERAPLANTAALTA:1PAXOFX03,4,temperatura_operativa_C,27.724121767403723,720
C1,PRIMERAPLANTAALTA:1PAXOFX03,5,temperatura_operativa_C,27.51871105531478,744
C1,PRIMERAPLANTAALTA:1PAXOFX03,6,temperatura_operativa_C,26.208238193071114,720
C1,PRIMERAPLANTAALTA:1PAXOFX03,7,temperatura_operativa_C,24.909245648117086,744
C1,PRIMERAPLANTAALTA:1PAXOFX03,8,temperatura_operativa_C,24.587531848564637,744
C1,PRIMERAPLANTAALTA:1PAXOFX03,9,temperatura_operativa_C,24.233960965411846,720
C1,PRIMERAPLANTAALTA:1PAXOFX03,10,temperatura_operativa_C,24.781616974833913,744
C1,PRIMERAPLANTAALTA:1PAXOFX03,11,temperatura_operativa_C,24.902216606921375,720
C1,PRIMERAPLANTAALTA:1PAXOFX03,12,temperatura_operativa_C,26.024673262612236,744
C1,PRIMERAPLANTAALTA:1PAXOFX01,1,temperatura_operativa_C,28.054475529476598,744
C1,PRIMERAPLANTAALTA:1PAXOFX01,2,temperatura_operativa_C,28.894310665038358,672
C1,PRIMERAPLANTAALTA:1PAXOFX01,3,temperatura_operativa_C,29.668684272600526,744
C1,PRIMERAPLANTAALTA:1PAXOFX01,4,temperatura_operativa_C,28.094914619810787,720
C1,PRIMERAPLANTAALTA:1PAXOFX01,5,temperatura_operativa_C,27.591673826573096,744
C1,PRIMERAPLANTAALTA:1PAXOFX01,6,temperatura_operativa_C,26.235909621543637,720
C1,PRIMERAPLANTAALTA:1PAXOFX01,7,temperatura_operativa_C,25.01638951906988,744
C1,PRIMERAPLANTAALTA:1PAXOFX01,8,temperatura_operativa_C,24.752744862204487,744
C1,PRIMERAPLANTAALTA:1PAXOFX01,9,temperatura_operativa_C,24.62687133894427,720
C1,PRIMERAPLANTAALTA:1PAXOFX01,10,temperatura_operativa_C,25.395163007856045,744
C1,PRIMERAPLANTAALTA:1PAXOFX01,11,temperatura_operativa_C,25.62262064167594,720
C1,PRIMERAPLANTAALTA:1PAXOFX01,12,temperatura_operativa_C,26.706267930379976,744
C1,SEGUNDAPLANTAALTA:2PAXBAX01,1,temperatura_operativa_C,29.369633398786725,744
C1,SEGUNDAPLANTAALTA:2PAXBAX01,2,temperatura_operativa_C,30.702213251547988,672
C1,SEGUNDAPLANTAALTA:2PAXBAX01,3,temperatura_operativa_C,31.83776806527711,744
C1,SEGUNDAPLANTAALTA:2PAXBAX01,4,temperatura_operativa_C,29.22018442741272,720
C1,SEGUNDAPLANTAALTA:2PAXBAX01,5,temperatura_operativa_C,28.986945876946617,744
C1,SEGUNDAPLANTAALTA:2PAXBAX01,6,temperatura_operativa_C,27.032287265598995,720
C1,SEGUNDAPLANTAALTA:2PAXBAX01,7,temperatura_operativa_C,25.447844283881178,744
C1,SEGUNDAPLANTAALTA:2PAXBAX01,8,temperatura_operativa_C,25.935025124356848,744
C1,SEGUNDAPLANTAALTA:2PAXBAX01,9,temperatura_operativa_C,25.864468978003597,720
C1,SEGUNDAPLANTAALTA:2PAXBAX01,10,temperatura_operativa_C,26.594973054088936,744
C1,SEGUNDAPLANTAALTA:2PAXBAX01,11,temperatura_operativa_C,26.57812649837244,720
C1,SEGUNDAPLANTAALTA:2PAXBAX01,12,temperatura_operativa_C,27.857831136311965,744
C1,SEGUNDAPLANTAALTA:2PAXCAF,1,temperatura_operativa_C,27.84156198334809,744
C1,SEGUNDAPLANTAALTA:2PAXCAF,2,temperatura_operativa_C,28.842523750366873,672
C1,SEGUNDAPLANTAALTA:2PAXCAF,3,temperatura_operativa_C,29.791407200275838,744
C1,SEGUNDAPLANTAALTA:2PAXCAF,4,temperatura_operativa_C,28.18496006311498,720
C1,SEGUNDAPLANTAALTA:2PAXCAF,5,temperatura_operativa_C,28.089957903338295,744
C1,SEGUNDAPLANTAALTA:2PAXCAF,6,temperatura_operativa_C,26.771531635189856,720
C1,SEGUNDAPLANTAALTA:2PAXCAF,7,temperatura_operativa_C,25.508846702169325,744
C1,SEGUNDAPLANTAALTA:2PAXCAF,8,temperatura_operativa_C,25.742163203677617,744
C1,SEGUNDAPLANTAALTA:2PAXCAF,9,temperatura_operativa_C,25.567422714443456,720
C1,SEGUNDAPLANTAALTA:2PAXCAF,10,temperatura_operativa_C,25.923148779111294,744
C1,SEGUNDAPLANTAALTA:2PAXCAF,11,temperatura_operativa_C,25.828878286504647,720
C1,SEGUNDAPLANTAALTA:2PAXCAF,12,temperatura_operativa_C,26.690756147907557,744
C1,SEGUNDAPLANTAALTA:2PAXES,1,temperatura_operativa_C,27.474408801637257,744
C1,SEGUNDAPLANTAALTA:2PAXES,2,temperatura_operativa_C,28.881731310762277,672
C1,SEGUNDAPLANTAALTA:2PAXES,3,temperatura_operativa_C,30.17072987003076,744
C1,SEGUNDAPLANTAALTA:2PAXES,4,temperatura_operativa_C,28.42951233603878,720
C1,SEGUNDAPLANTAALTA:2PAXES,5,temperatura_operativa_C,28.35269247920313,744
C1,SEGUNDAPLANTAALTA:2PAXES,6,temperatura_operativa_C,26.498941385644855,720
C1,SEGUNDAPLANTAALTA:2PAXES,7,temperatura_operativa_C,24.880500623511736,744
C1,SEGUNDAPLANTAALTA:2PAXES,8,temperatura_operativa_C,24.839260585758097,744
C1,SEGUNDAPLANTAALTA:2PAXES,9,temperatura_operativa_C,24.392830400443763,720
C1,SEGUNDAPLANTAALTA:2PAXES,10,temperatura_operativa_C,24.79716304295911,744
C1,SEGUNDAPLANTAALTA:2PAXES,11,temperatura_operativa_C,24.717594536139554,720
C1,SEGUNDAPLANTAALTA:2PAXES,12,temperatura_operativa_C,25.860061351907135,744
C1,SEGUNDAPLANTAALTA:2PAXSUM,1,temperatura_operativa_C,28.08365385429449,744
C1,SEGUNDAPLANTAALTA:2PAXSUM,2,temperatura_operativa_C,29.05433991776797,672
C1,SEGUNDAPLANTAALTA:2PAXSUM,3,temperatura_operativa_C,29.899724272328157,744
C1,SEGUNDAPLANTAALTA:2PAXSUM,4,temperatura_operativa_C,28.202231567291047,720
C1,SEGUNDAPLANTAALTA:2PAXSUM,5,temperatura_operativa_C,27.851153958965153,744
C1,SEGUNDAPLANTAALTA:2PAXSUM,6,temperatura_operativa_C,26.4987873302966,720
C1,SEGUNDAPLANTAALTA:2PAXSUM,7,temperatura_operativa_C,25.26755741169982,744
C1,SEGUNDAPLANTAALTA:2PAXSUM,8,temperatura_operativa_C,25.39215282649849,744
C1,SEGUNDAPLANTAALTA:2PAXSUM,9,temperatura_operativa_C,25.341975988965906,720
C1,SEGUNDAPLANTAALTA:2PAXSUM,10,temperatura_operativa_C,25.86838930149279,744
C1,SEGUNDAPLANTAALTA:2PAXSUM,11,temperatura_operativa_C,25.862634116338455,720
C1,SEGUNDAPLANTAALTA:2PAXSUM,12,temperatura_operativa_C,26.81723166571932,744
C1,SEGUNDAPLANTAALTA:ASCENSOR,1,temperatura_operativa_C,27.46131590444144,744
C1,SEGUNDAPLANTAALTA:ASCENSOR,2,temperatura_operativa_C,28.84034720954196,672
C1,SEGUNDAPLANTAALTA:ASCENSOR,3,temperatura_operativa_C,30.141175608131448,744
C1,SEGUNDAPLANTAALTA:ASCENSOR,4,temperatura_operativa_C,28.495758966277688,720
C1,SEGUNDAPLANTAALTA:ASCENSOR,5,temperatura_operativa_C,28.33648022553461,744
C1,SEGUNDAPLANTAALTA:ASCENSOR,6,temperatura_operativa_C,26.525186564883168,720
C1,SEGUNDAPLANTAALTA:ASCENSOR,7,temperatura_operativa_C,24.909825480324397,744
C1,SEGUNDAPLANTAALTA:ASCENSOR,8,temperatura_operativa_C,24.84307993154511,744
C1,SEGUNDAPLANTAALTA:ASCENSOR,9,temperatura_operativa_C,24.373447848491015,720
C1,SEGUNDAPLANTAALTA:ASCENSOR,10,temperatura_operativa_C,24.74657276443526,744
C1,SEGUNDAPLANTAALTA:ASCENSOR,11,temperatura_operativa_C,24.74094234863737,720
C1,SEGUNDAPLANTAALTA:ASCENSOR,12,temperatura_operativa_C,25.824545533305788,744
C1,SEGUNDAPLANTAALTA:2PAXPAS,1,temperatura_operativa_C,28.005921203769557,744
C1,SEGUNDAPLANTAALTA:2PAXPAS,2,temperatura_operativa_C,29.239120996253924,672
C1,SEGUNDAPLANTAALTA:2PAXPAS,3,temperatura_operativa_C,30.3440983583746,744
C1,SEGUNDAPLANTAALTA:2PAXPAS,4,temperatura_operativa_C,28.669576342889165,720
C1,SEGUNDAPLANTAALTA:2PAXPAS,5,temperatura_operativa_C,28.342446055145984,744
C1,SEGUNDAPLANTAALTA:2PAXPAS,6,temperatura_operativa_C,26.553686922301665,720
C1,SEGUNDAPLANTAALTA:2PAXPAS,7,temperatura_operativa_C,25.115954962248217,744
C1,SEGUNDAPLANTAALTA:2PAXPAS,8,temperatura_operativa_C,24.898592821368364,744
C1,SEGUNDAPLANTAALTA:2PAXPAS,9,temperatura_operativa_C,24.568046489090083,720
C1,SEGUNDAPLANTAALTA:2PAXPAS,10,temperatura_operativa_C,25.142231979139172,744
C1,SEGUNDAPLANTAALTA:2PAXPAS,11,temperatura_operativa_C,25.203969825794744,720
C1,SEGUNDAPLANTAALTA:2PAXPAS,12,temperatura_operativa_C,26.375259798717497,744
C1,SEGUNDAPLANTAALTA:ATRIO2PA,1,temperatura_operativa_C,28.31302777190048,744
C1,SEGUNDAPLANTAALTA:ATRIO2PA,2,temperatura_operativa_C,29.502441090093882,672
C1,SEGUNDAPLANTAALTA:ATRIO2PA,3,temperatura_operativa_C,30.531839844555062,744
C1,SEGUNDAPLANTAALTA:ATRIO2PA,4,temperatura_operativa_C,28.770257159743743,720
C1,SEGUNDAPLANTAALTA:ATRIO2PA,5,temperatura_operativa_C,28.310686800889172,744
C1,SEGUNDAPLANTAALTA:ATRIO2PA,6,temperatura_operativa_C,26.499845250985498,720
C1,SEGUNDAPLANTAALTA:ATRIO2PA,7,temperatura_operativa_C,25.08256792822579,744
C1,SEGUNDAPLANTAALTA:ATRIO2PA,8,temperatura_operativa_C,24.848232178655238,744
C1,SEGUNDAPLANTAALTA:ATRIO2PA,9,temperatura_operativa_C,24.58210732904313,720
C1,SEGUNDAPLANTAALTA:ATRIO2PA,10,temperatura_operativa_C,25.276087788192285,744
C1,SEGUNDAPLANTAALTA:ATRIO2PA,11,temperatura_operativa_C,25.404503909449932,720
C1,SEGUNDAPLANTAALTA:ATRIO2PA,12,temperatura_operativa_C,26.6372839409946,744
C1,CUBIERTA:ATRIOSUPERIOR,1,temperatura_operativa_C,26.788982897240544,744
C1,CUBIERTA:ATRIOSUPERIOR,2,temperatura_operativa_C,28.15377077488872,672
C1,CUBIERTA:ATRIOSUPERIOR,3,temperatura_operativa_C,29.249554984432407,744
C1,CUBIERTA:ATRIOSUPERIOR,4,temperatura_operativa_C,27.834760852488632,720
C1,CUBIERTA:ATRIOSUPERIOR,5,temperatura_operativa_C,27.249418967089863,744
C1,CUBIERTA:ATRIOSUPERIOR,6,temperatura_operativa_C,25.297128081768342,720
C1,CUBIERTA:ATRIOSUPERIOR,7,temperatura_operativa_C,23.90263752817494,744
C1,CUBIERTA:ATRIOSUPERIOR,8,temperatura_operativa_C,23.42639891300217,744
C1,CUBIERTA:ATRIOSUPERIOR,9,temperatura_operativa_C,23.054590023361076,720
C1,CUBIERTA:ATRIOSUPERIOR,10,temperatura_operativa_C,23.585106965477294,744
C1,CUBIERTA:ATRIOSUPERIOR,11,temperatura_operativa_C,23.67172425072912,720
C1,CUBIERTA:ATRIOSUPERIOR,12,temperatura_operativa_C,24.915659284933135,744
C1,PLANTABAJA:PBXESX01,1,enfriamiento_sensible_kWh_termicos,0.0,744
C1,PLANTABAJA:PBXESX01,2,enfriamiento_sensible_kWh_termicos,0.0,672
C1,PLANTABAJA:PBXESX01,3,enfriamiento_sensible_kWh_termicos,0.0,744
C1,PLANTABAJA:PBXESX01,4,enfriamiento_sensible_kWh_termicos,0.0,720
C1,PLANTABAJA:PBXESX01,5,enfriamiento_sensible_kWh_termicos,0.0,744
C1,PLANTABAJA:PBXESX01,6,enfriamiento_sensible_kWh_termicos,0.0,720
C1,PLANTABAJA:PBXESX01,7,enfriamiento_sensible_kWh_termicos,0.0,744
C1,PLANTABAJA:PBXESX01,8,enfriamiento_sensible_kWh_termicos,0.0,744
C1,PLANTABAJA:PBXESX01,9,enfriamiento_sensible_kWh_termicos,0.0,720
C1,PLANTABAJA:PBXESX01,10,enfriamiento_sensible_kWh_termicos,0.0,744
C1,PLANTABAJA:PBXESX01,11,enfriamiento_sensible_kWh_termicos,0.0,720
C1,PLANTABAJA:PBXESX01,12,enfriamiento_sensible_kWh_termicos,0.0,744
C1,PLANTABAJA:PBXESX01,1,enfriamiento_total_kWh_termicos,0.0,744
C1,PLANTABAJA:PBXESX01,2,enfriamiento_total_kWh_termicos,0.0,672
C1,PLANTABAJA:PBXESX01,3,enfriamiento_total_kWh_termicos,0.0,744
C1,PLANTABAJA:PBXESX01,4,enfriamiento_total_kWh_termicos,0.0,720
C1,PLANTABAJA:PBXESX01,5,enfriamiento_total_kWh_termicos,0.0,744
C1,PLANTABAJA:PBXESX01,6,enfriamiento_total_kWh_termicos,0.0,720
C1,PLANTABAJA:PBXESX01,7,enfriamiento_total_kWh_termicos,0.0,744
C1,PLANTABAJA:PBXESX01,8,enfriamiento_total_kWh_termicos,0.0,744
C1,PLANTABAJA:PBXESX01,9,enfriamiento_total_kWh_termicos,0.0,720
C1,PLANTABAJA:PBXESX01,10,enfriamiento_total_kWh_termicos,0.0,744
C1,PLANTABAJA:PBXESX01,11,enfriamiento_total_kWh_termicos,0.0,720
C1,PLANTABAJA:PBXESX01,12,enfriamiento_total_kWh_termicos,0.0,744
C1,PLANTABAJA:PBXBOX01,1,enfriamiento_sensible_kWh_termicos,0.0,744
C1,PLANTABAJA:PBXBOX01,2,enfriamiento_sensible_kWh_termicos,0.0,672
C1,PLANTABAJA:PBXBOX01,3,enfriamiento_sensible_kWh_termicos,0.0,744
C1,PLANTABAJA:PBXBOX01,4,enfriamiento_sensible_kWh_termicos,0.0,720
C1,PLANTABAJA:PBXBOX01,5,enfriamiento_sensible_kWh_termicos,0.0,744
C1,PLANTABAJA:PBXBOX01,6,enfriamiento_sensible_kWh_termicos,0.0,720
C1,PLANTABAJA:PBXBOX01,7,enfriamiento_sensible_kWh_termicos,0.0,744
C1,PLANTABAJA:PBXBOX01,8,enfriamiento_sensible_kWh_termicos,0.0,744
C1,PLANTABAJA:PBXBOX01,9,enfriamiento_sensible_kWh_termicos,0.0,720
C1,PLANTABAJA:PBXBOX01,10,enfriamiento_sensible_kWh_termicos,0.0,744
C1,PLANTABAJA:PBXBOX01,11,enfriamiento_sensible_kWh_termicos,0.0,720
C1,PLANTABAJA:PBXBOX01,12,enfriamiento_sensible_kWh_termicos,0.0,744
C1,PLANTABAJA:PBXBOX01,1,enfriamiento_total_kWh_termicos,0.0,744
C1,PLANTABAJA:PBXBOX01,2,enfriamiento_total_kWh_termicos,0.0,672
C1,PLANTABAJA:PBXBOX01,3,enfriamiento_total_kWh_termicos,0.0,744
C1,PLANTABAJA:PBXBOX01,4,enfriamiento_total_kWh_termicos,0.0,720
C1,PLANTABAJA:PBXBOX01,5,enfriamiento_total_kWh_termicos,0.0,744
C1,PLANTABAJA:PBXBOX01,6,enfriamiento_total_kWh_termicos,0.0,720
C1,PLANTABAJA:PBXBOX01,7,enfriamiento_total_kWh_termicos,0.0,744
C1,PLANTABAJA:PBXBOX01,8,enfriamiento_total_kWh_termicos,0.0,744
C1,PLANTABAJA:PBXBOX01,9,enfriamiento_total_kWh_termicos,0.0,720
C1,PLANTABAJA:PBXBOX01,10,enfriamiento_total_kWh_termicos,0.0,744
C1,PLANTABAJA:PBXBOX01,11,enfriamiento_total_kWh_termicos,0.0,720
C1,PLANTABAJA:PBXBOX01,12,enfriamiento_total_kWh_termicos,0.0,744
C1,PLANTABAJA:PBXBAX01,1,enfriamiento_sensible_kWh_termicos,0.0,744
C1,PLANTABAJA:PBXBAX01,2,enfriamiento_sensible_kWh_termicos,0.0,672
C1,PLANTABAJA:PBXBAX01,3,enfriamiento_sensible_kWh_termicos,0.0,744
C1,PLANTABAJA:PBXBAX01,4,enfriamiento_sensible_kWh_termicos,0.0,720
C1,PLANTABAJA:PBXBAX01,5,enfriamiento_sensible_kWh_termicos,0.0,744
C1,PLANTABAJA:PBXBAX01,6,enfriamiento_sensible_kWh_termicos,0.0,720
C1,PLANTABAJA:PBXBAX01,7,enfriamiento_sensible_kWh_termicos,0.0,744
C1,PLANTABAJA:PBXBAX01,8,enfriamiento_sensible_kWh_termicos,0.0,744
C1,PLANTABAJA:PBXBAX01,9,enfriamiento_sensible_kWh_termicos,0.0,720
C1,PLANTABAJA:PBXBAX01,10,enfriamiento_sensible_kWh_termicos,0.0,744
C1,PLANTABAJA:PBXBAX01,11,enfriamiento_sensible_kWh_termicos,0.0,720
C1,PLANTABAJA:PBXBAX01,12,enfriamiento_sensible_kWh_termicos,0.0,744
C1,PLANTABAJA:PBXBAX01,1,enfriamiento_total_kWh_termicos,0.0,744
C1,PLANTABAJA:PBXBAX01,2,enfriamiento_total_kWh_termicos,0.0,672
C1,PLANTABAJA:PBXBAX01,3,enfriamiento_total_kWh_termicos,0.0,744
C1,PLANTABAJA:PBXBAX01,4,enfriamiento_total_kWh_termicos,0.0,720
C1,PLANTABAJA:PBXBAX01,5,enfriamiento_total_kWh_termicos,0.0,744
C1,PLANTABAJA:PBXBAX01,6,enfriamiento_total_kWh_termicos,0.0,720
C1,PLANTABAJA:PBXBAX01,7,enfriamiento_total_kWh_termicos,0.0,744
C1,PLANTABAJA:PBXBAX01,8,enfriamiento_total_kWh_termicos,0.0,744
C1,PLANTABAJA:PBXBAX01,9,enfriamiento_total_kWh_termicos,0.0,720
C1,PLANTABAJA:PBXBAX01,10,enfriamiento_total_kWh_termicos,0.0,744
C1,PLANTABAJA:PBXBAX01,11,enfriamiento_total_kWh_termicos,0.0,720
C1,PLANTABAJA:PBXBAX01,12,enfriamiento_total_kWh_termicos,0.0,744
C1,PLANTABAJA:PBXREX01,1,enfriamiento_sensible_kWh_termicos,0.0,744
C1,PLANTABAJA:PBXREX01,2,enfriamiento_sensible_kWh_termicos,0.0,672
C1,PLANTABAJA:PBXREX01,3,enfriamiento_sensible_kWh_termicos,0.0,744
C1,PLANTABAJA:PBXREX01,4,enfriamiento_sensible_kWh_termicos,0.0,720
C1,PLANTABAJA:PBXREX01,5,enfriamiento_sensible_kWh_termicos,0.0,744
C1,PLANTABAJA:PBXREX01,6,enfriamiento_sensible_kWh_termicos,0.0,720
C1,PLANTABAJA:PBXREX01,7,enfriamiento_sensible_kWh_termicos,0.0,744
C1,PLANTABAJA:PBXREX01,8,enfriamiento_sensible_kWh_termicos,0.0,744
C1,PLANTABAJA:PBXREX01,9,enfriamiento_sensible_kWh_termicos,0.0,720
C1,PLANTABAJA:PBXREX01,10,enfriamiento_sensible_kWh_termicos,0.0,744
C1,PLANTABAJA:PBXREX01,11,enfriamiento_sensible_kWh_termicos,0.0,720
C1,PLANTABAJA:PBXREX01,12,enfriamiento_sensible_kWh_termicos,0.0,744
C1,PLANTABAJA:PBXREX01,1,enfriamiento_total_kWh_termicos,0.0,744
C1,PLANTABAJA:PBXREX01,2,enfriamiento_total_kWh_termicos,0.0,672
C1,PLANTABAJA:PBXREX01,3,enfriamiento_total_kWh_termicos,0.0,744
C1,PLANTABAJA:PBXREX01,4,enfriamiento_total_kWh_termicos,0.0,720
C1,PLANTABAJA:PBXREX01,5,enfriamiento_total_kWh_termicos,0.0,744
C1,PLANTABAJA:PBXREX01,6,enfriamiento_total_kWh_termicos,0.0,720
C1,PLANTABAJA:PBXREX01,7,enfriamiento_total_kWh_termicos,0.0,744
C1,PLANTABAJA:PBXREX01,8,enfriamiento_total_kWh_termicos,0.0,744
C1,PLANTABAJA:PBXREX01,9,enfriamiento_total_kWh_termicos,0.0,720
C1,PLANTABAJA:PBXREX01,10,enfriamiento_total_kWh_termicos,0.0,744
C1,PLANTABAJA:PBXREX01,11,enfriamiento_total_kWh_termicos,0.0,720
C1,PLANTABAJA:PBXREX01,12,enfriamiento_total_kWh_termicos,0.0,744
C1,PLANTABAJA:ASCENSOR,1,enfriamiento_sensible_kWh_termicos,0.0,744
C1,PLANTABAJA:ASCENSOR,2,enfriamiento_sensible_kWh_termicos,0.0,672
C1,PLANTABAJA:ASCENSOR,3,enfriamiento_sensible_kWh_termicos,0.0,744
C1,PLANTABAJA:ASCENSOR,4,enfriamiento_sensible_kWh_termicos,0.0,720
C1,PLANTABAJA:ASCENSOR,5,enfriamiento_sensible_kWh_termicos,0.0,744
C1,PLANTABAJA:ASCENSOR,6,enfriamiento_sensible_kWh_termicos,0.0,720
C1,PLANTABAJA:ASCENSOR,7,enfriamiento_sensible_kWh_termicos,0.0,744
C1,PLANTABAJA:ASCENSOR,8,enfriamiento_sensible_kWh_termicos,0.0,744
C1,PLANTABAJA:ASCENSOR,9,enfriamiento_sensible_kWh_termicos,0.0,720
C1,PLANTABAJA:ASCENSOR,10,enfriamiento_sensible_kWh_termicos,0.0,744
C1,PLANTABAJA:ASCENSOR,11,enfriamiento_sensible_kWh_termicos,0.0,720
C1,PLANTABAJA:ASCENSOR,12,enfriamiento_sensible_kWh_termicos,0.0,744
C1,PLANTABAJA:ASCENSOR,1,enfriamiento_total_kWh_termicos,0.0,744
C1,PLANTABAJA:ASCENSOR,2,enfriamiento_total_kWh_termicos,0.0,672
C1,PLANTABAJA:ASCENSOR,3,enfriamiento_total_kWh_termicos,0.0,744
C1,PLANTABAJA:ASCENSOR,4,enfriamiento_total_kWh_termicos,0.0,720
C1,PLANTABAJA:ASCENSOR,5,enfriamiento_total_kWh_termicos,0.0,744
C1,PLANTABAJA:ASCENSOR,6,enfriamiento_total_kWh_termicos,0.0,720
C1,PLANTABAJA:ASCENSOR,7,enfriamiento_total_kWh_termicos,0.0,744
C1,PLANTABAJA:ASCENSOR,8,enfriamiento_total_kWh_termicos,0.0,744
C1,PLANTABAJA:ASCENSOR,9,enfriamiento_total_kWh_termicos,0.0,720
C1,PLANTABAJA:ASCENSOR,10,enfriamiento_total_kWh_termicos,0.0,744
C1,PLANTABAJA:ASCENSOR,11,enfriamiento_total_kWh_termicos,0.0,720
C1,PLANTABAJA:ASCENSOR,12,enfriamiento_total_kWh_termicos,0.0,744
C1,PLANTABAJA:PBXSEX01,1,enfriamiento_sensible_kWh_termicos,641.165193287231,744
C1,PLANTABAJA:PBXSEX01,2,enfriamiento_sensible_kWh_termicos,834.129799202167,672
C1,PLANTABAJA:PBXSEX01,3,enfriamiento_sensible_kWh_termicos,935.8034030089409,744
C1,PLANTABAJA:PBXSEX01,4,enfriamiento_sensible_kWh_termicos,832.8302750181423,720
C1,PLANTABAJA:PBXSEX01,5,enfriamiento_sensible_kWh_termicos,779.4269613993162,744
C1,PLANTABAJA:PBXSEX01,6,enfriamiento_sensible_kWh_termicos,355.2131605719853,720
C1,PLANTABAJA:PBXSEX01,7,enfriamiento_sensible_kWh_termicos,170.88870184877945,744
C1,PLANTABAJA:PBXSEX01,8,enfriamiento_sensible_kWh_termicos,85.46264333294754,744
C1,PLANTABAJA:PBXSEX01,9,enfriamiento_sensible_kWh_termicos,24.546928411277037,720
C1,PLANTABAJA:PBXSEX01,10,enfriamiento_sensible_kWh_termicos,96.43602872436026,744
C1,PLANTABAJA:PBXSEX01,11,enfriamiento_sensible_kWh_termicos,97.94990746082846,720
C1,PLANTABAJA:PBXSEX01,12,enfriamiento_sensible_kWh_termicos,336.1352034436167,744
C1,PLANTABAJA:PBXSEX01,1,enfriamiento_total_kWh_termicos,1531.244722107106,744
C1,PLANTABAJA:PBXSEX01,2,enfriamiento_total_kWh_termicos,1970.7443363794707,672
C1,PLANTABAJA:PBXSEX01,3,enfriamiento_total_kWh_termicos,2256.128694708793,744
C1,PLANTABAJA:PBXSEX01,4,enfriamiento_total_kWh_termicos,2170.074291879721,720
C1,PLANTABAJA:PBXSEX01,5,enfriamiento_total_kWh_termicos,1893.0368663466238,744
C1,PLANTABAJA:PBXSEX01,6,enfriamiento_total_kWh_termicos,678.6089338890393,720
C1,PLANTABAJA:PBXSEX01,7,enfriamiento_total_kWh_termicos,260.3832746062528,744
C1,PLANTABAJA:PBXSEX01,8,enfriamiento_total_kWh_termicos,89.60814953766426,744
C1,PLANTABAJA:PBXSEX01,9,enfriamiento_total_kWh_termicos,24.546928411277037,720
C1,PLANTABAJA:PBXSEX01,10,enfriamiento_total_kWh_termicos,106.82187945211035,744
C1,PLANTABAJA:PBXSEX01,11,enfriamiento_total_kWh_termicos,114.52536282261106,720
C1,PLANTABAJA:PBXSEX01,12,enfriamiento_total_kWh_termicos,634.986775226806,744
C1,PLANTABAJA:PBXOFX03,1,enfriamiento_sensible_kWh_termicos,194.52913002484212,744
C1,PLANTABAJA:PBXOFX03,2,enfriamiento_sensible_kWh_termicos,211.65090606280788,672
C1,PLANTABAJA:PBXOFX03,3,enfriamiento_sensible_kWh_termicos,241.00549694701283,744
C1,PLANTABAJA:PBXOFX03,4,enfriamiento_sensible_kWh_termicos,193.69915483628256,720
C1,PLANTABAJA:PBXOFX03,5,enfriamiento_sensible_kWh_termicos,179.22433452348906,744
C1,PLANTABAJA:PBXOFX03,6,enfriamiento_sensible_kWh_termicos,103.67952178564397,720
C1,PLANTABAJA:PBXOFX03,7,enfriamiento_sensible_kWh_termicos,71.88730873118664,744
C1,PLANTABAJA:PBXOFX03,8,enfriamiento_sensible_kWh_termicos,47.8917621975183,744
C1,PLANTABAJA:PBXOFX03,9,enfriamiento_sensible_kWh_termicos,33.70053206711535,720
C1,PLANTABAJA:PBXOFX03,10,enfriamiento_sensible_kWh_termicos,74.12592195242341,744
C1,PLANTABAJA:PBXOFX03,11,enfriamiento_sensible_kWh_termicos,87.2961030889492,720
C1,PLANTABAJA:PBXOFX03,12,enfriamiento_sensible_kWh_termicos,145.33658734648208,744
C1,PLANTABAJA:PBXOFX03,1,enfriamiento_total_kWh_termicos,363.8963341332301,744
C1,PLANTABAJA:PBXOFX03,2,enfriamiento_total_kWh_termicos,382.1979328110025,672
C1,PLANTABAJA:PBXOFX03,3,enfriamiento_total_kWh_termicos,426.7414710291908,744
C1,PLANTABAJA:PBXOFX03,4,enfriamiento_total_kWh_termicos,394.30756308263204,720
C1,PLANTABAJA:PBXOFX03,5,enfriamiento_total_kWh_termicos,355.5386867622204,744
C1,PLANTABAJA:PBXOFX03,6,enfriamiento_total_kWh_termicos,211.10184859403782,720
C1,PLANTABAJA:PBXOFX03,7,enfriamiento_total_kWh_termicos,150.08380138487996,744
C1,PLANTABAJA:PBXOFX03,8,enfriamiento_total_kWh_termicos,92.62283812447097,744
C1,PLANTABAJA:PBXOFX03,9,enfriamiento_total_kWh_termicos,64.5308249515296,720
C1,PLANTABAJA:PBXOFX03,10,enfriamiento_total_kWh_termicos,123.03803717401006,744
C1,PLANTABAJA:PBXOFX03,11,enfriamiento_total_kWh_termicos,149.40741996650343,720
C1,PLANTABAJA:PBXOFX03,12,enfriamiento_total_kWh_termicos,271.0919509412056,744
C1,PLANTABAJA:PBXOFX02,1,enfriamiento_sensible_kWh_termicos,149.75614039878732,744
C1,PLANTABAJA:PBXOFX02,2,enfriamiento_sensible_kWh_termicos,158.03947779014769,672
C1,PLANTABAJA:PBXOFX02,3,enfriamiento_sensible_kWh_termicos,177.3105468743828,744
C1,PLANTABAJA:PBXOFX02,4,enfriamiento_sensible_kWh_termicos,146.21734902623098,720
C1,PLANTABAJA:PBXOFX02,5,enfriamiento_sensible_kWh_termicos,137.33153101358533,744
C1,PLANTABAJA:PBXOFX02,6,enfriamiento_sensible_kWh_termicos,81.3239167384171,720
C1,PLANTABAJA:PBXOFX02,7,enfriamiento_sensible_kWh_termicos,59.771548947998426,744
C1,PLANTABAJA:PBXOFX02,8,enfriamiento_sensible_kWh_termicos,39.33210152499366,744
C1,PLANTABAJA:PBXOFX02,9,enfriamiento_sensible_kWh_termicos,26.432320638515467,720
C1,PLANTABAJA:PBXOFX02,10,enfriamiento_sensible_kWh_termicos,58.10169377308483,744
C1,PLANTABAJA:PBXOFX02,11,enfriamiento_sensible_kWh_termicos,73.86081740769666,720
C1,PLANTABAJA:PBXOFX02,12,enfriamiento_sensible_kWh_termicos,116.69902390246163,744
C1,PLANTABAJA:PBXOFX02,1,enfriamiento_total_kWh_termicos,276.72415345299873,744
C1,PLANTABAJA:PBXOFX02,2,enfriamiento_total_kWh_termicos,283.6773854021442,672
C1,PLANTABAJA:PBXOFX02,3,enfriamiento_total_kWh_termicos,314.59050412337524,744
C1,PLANTABAJA:PBXOFX02,4,enfriamiento_total_kWh_termicos,293.9555167980988,720
C1,PLANTABAJA:PBXOFX02,5,enfriamiento_total_kWh_termicos,268.0522004793558,744
C1,PLANTABAJA:PBXOFX02,6,enfriamiento_total_kWh_termicos,160.74280902972598,720
C1,PLANTABAJA:PBXOFX02,7,enfriamiento_total_kWh_termicos,123.72394572605444,744
C1,PLANTABAJA:PBXOFX02,8,enfriamiento_total_kWh_termicos,73.77208552984112,744
C1,PLANTABAJA:PBXOFX02,9,enfriamiento_total_kWh_termicos,48.634018354448855,720
C1,PLANTABAJA:PBXOFX02,10,enfriamiento_total_kWh_termicos,94.72858503004775,744
C1,PLANTABAJA:PBXOFX02,11,enfriamiento_total_kWh_termicos,124.2076093183834,720
C1,PLANTABAJA:PBXOFX02,12,enfriamiento_total_kWh_termicos,210.87964334091754,744
C1,PLANTABAJA:PBXOFX01,1,enfriamiento_sensible_kWh_termicos,164.08006461375498,744
C1,PLANTABAJA:PBXOFX01,2,enfriamiento_sensible_kWh_termicos,186.07212594122336,672
C1,PLANTABAJA:PBXOFX01,3,enfriamiento_sensible_kWh_termicos,218.43847261695157,744
C1,PLANTABAJA:PBXOFX01,4,enfriamiento_sensible_kWh_termicos,176.35918024123512,720
C1,PLANTABAJA:PBXOFX01,5,enfriamiento_sensible_kWh_termicos,175.0780255640666,744
C1,PLANTABAJA:PBXOFX01,6,enfriamiento_sensible_kWh_termicos,97.29893870692726,720
C1,PLANTABAJA:PBXOFX01,7,enfriamiento_sensible_kWh_termicos,64.60990737457925,744
C1,PLANTABAJA:PBXOFX01,8,enfriamiento_sensible_kWh_termicos,43.348347584810845,744
C1,PLANTABAJA:PBXOFX01,9,enfriamiento_sensible_kWh_termicos,23.9195323881909,720
C1,PLANTABAJA:PBXOFX01,10,enfriamiento_sensible_kWh_termicos,56.50580341143576,744
C1,PLANTABAJA:PBXOFX01,11,enfriamiento_sensible_kWh_termicos,69.66932975774301,720
C1,PLANTABAJA:PBXOFX01,12,enfriamiento_sensible_kWh_termicos,123.69413016104183,744
C1,PLANTABAJA:PBXOFX01,1,enfriamiento_total_kWh_termicos,316.2559258918997,744
C1,PLANTABAJA:PBXOFX01,2,enfriamiento_total_kWh_termicos,339.1719163315023,672
C1,PLANTABAJA:PBXOFX01,3,enfriamiento_total_kWh_termicos,388.43166100299726,744
C1,PLANTABAJA:PBXOFX01,4,enfriamiento_total_kWh_termicos,357.89448833396915,720
C1,PLANTABAJA:PBXOFX01,5,enfriamiento_total_kWh_termicos,338.9052781677679,744
C1,PLANTABAJA:PBXOFX01,6,enfriamiento_total_kWh_termicos,195.17654163490454,720
C1,PLANTABAJA:PBXOFX01,7,enfriamiento_total_kWh_termicos,131.87697996085888,744
C1,PLANTABAJA:PBXOFX01,8,enfriamiento_total_kWh_termicos,81.7462528059149,744
C1,PLANTABAJA:PBXOFX01,9,enfriamiento_total_kWh_termicos,44.50168244095926,720
C1,PLANTABAJA:PBXOFX01,10,enfriamiento_total_kWh_termicos,93.2600556118436,744
C1,PLANTABAJA:PBXOFX01,11,enfriamiento_total_kWh_termicos,119.49771537776454,720
C1,PLANTABAJA:PBXOFX01,12,enfriamiento_total_kWh_termicos,232.98936206122568,744
C1,PRIMERAPLANTAALTA:1PAXDC,1,enfriamiento_sensible_kWh_termicos,3191.3890991284165,744
C1,PRIMERAPLANTAALTA:1PAXDC,2,enfriamiento_sensible_kWh_termicos,2981.309011293442,672
C1,PRIMERAPLANTAALTA:1PAXDC,3,enfriamiento_sensible_kWh_termicos,3404.9657072042123,744
C1,PRIMERAPLANTAALTA:1PAXDC,4,enfriamiento_sensible_kWh_termicos,3141.2322329332296,720
C1,PRIMERAPLANTAALTA:1PAXDC,5,enfriamiento_sensible_kWh_termicos,3246.631741826608,744
C1,PRIMERAPLANTAALTA:1PAXDC,6,enfriamiento_sensible_kWh_termicos,2996.955052652258,720
C1,PRIMERAPLANTAALTA:1PAXDC,7,enfriamiento_sensible_kWh_termicos,2966.339666679179,744
C1,PRIMERAPLANTAALTA:1PAXDC,8,enfriamiento_sensible_kWh_termicos,2977.8847035697822,744
C1,PRIMERAPLANTAALTA:1PAXDC,9,enfriamiento_sensible_kWh_termicos,2851.9355344393357,720
C1,PRIMERAPLANTAALTA:1PAXDC,10,enfriamiento_sensible_kWh_termicos,2975.116764172327,744
C1,PRIMERAPLANTAALTA:1PAXDC,11,enfriamiento_sensible_kWh_termicos,2873.585010841797,720
C1,PRIMERAPLANTAALTA:1PAXDC,12,enfriamiento_sensible_kWh_termicos,3061.900983015472,744
C1,PRIMERAPLANTAALTA:1PAXDC,1,enfriamiento_total_kWh_termicos,3533.948066942612,744
C1,PRIMERAPLANTAALTA:1PAXDC,2,enfriamiento_total_kWh_termicos,3326.0461349607017,672
C1,PRIMERAPLANTAALTA:1PAXDC,3,enfriamiento_total_kWh_termicos,3775.7796206162516,744
C1,PRIMERAPLANTAALTA:1PAXDC,4,enfriamiento_total_kWh_termicos,3542.1457983102055,720
C1,PRIMERAPLANTAALTA:1PAXDC,5,enfriamiento_total_kWh_termicos,3607.593552231891,744
C1,PRIMERAPLANTAALTA:1PAXDC,6,enfriamiento_total_kWh_termicos,3280.5702655719206,720
C1,PRIMERAPLANTAALTA:1PAXDC,7,enfriamiento_total_kWh_termicos,3243.0564876310455,744
C1,PRIMERAPLANTAALTA:1PAXDC,8,enfriamiento_total_kWh_termicos,3191.5101572465323,744
C1,PRIMERAPLANTAALTA:1PAXDC,9,enfriamiento_total_kWh_termicos,3066.807238472,720
C1,PRIMERAPLANTAALTA:1PAXDC,10,enfriamiento_total_kWh_termicos,3146.6352326250553,744
C1,PRIMERAPLANTAALTA:1PAXDC,11,enfriamiento_total_kWh_termicos,3077.6702494464394,720
C1,PRIMERAPLANTAALTA:1PAXDC,12,enfriamiento_total_kWh_termicos,3355.3203583229147,744
C1,PRIMERAPLANTAALTA:1PAXES,1,enfriamiento_sensible_kWh_termicos,0.0,744
C1,PRIMERAPLANTAALTA:1PAXES,2,enfriamiento_sensible_kWh_termicos,0.0,672
C1,PRIMERAPLANTAALTA:1PAXES,3,enfriamiento_sensible_kWh_termicos,0.0,744
C1,PRIMERAPLANTAALTA:1PAXES,4,enfriamiento_sensible_kWh_termicos,0.0,720
C1,PRIMERAPLANTAALTA:1PAXES,5,enfriamiento_sensible_kWh_termicos,0.0,744
C1,PRIMERAPLANTAALTA:1PAXES,6,enfriamiento_sensible_kWh_termicos,0.0,720
C1,PRIMERAPLANTAALTA:1PAXES,7,enfriamiento_sensible_kWh_termicos,0.0,744
C1,PRIMERAPLANTAALTA:1PAXES,8,enfriamiento_sensible_kWh_termicos,0.0,744
C1,PRIMERAPLANTAALTA:1PAXES,9,enfriamiento_sensible_kWh_termicos,0.0,720
C1,PRIMERAPLANTAALTA:1PAXES,10,enfriamiento_sensible_kWh_termicos,0.0,744
C1,PRIMERAPLANTAALTA:1PAXES,11,enfriamiento_sensible_kWh_termicos,0.0,720
C1,PRIMERAPLANTAALTA:1PAXES,12,enfriamiento_sensible_kWh_termicos,0.0,744
C1,PRIMERAPLANTAALTA:1PAXES,1,enfriamiento_total_kWh_termicos,0.0,744
C1,PRIMERAPLANTAALTA:1PAXES,2,enfriamiento_total_kWh_termicos,0.0,672
C1,PRIMERAPLANTAALTA:1PAXES,3,enfriamiento_total_kWh_termicos,0.0,744
C1,PRIMERAPLANTAALTA:1PAXES,4,enfriamiento_total_kWh_termicos,0.0,720
C1,PRIMERAPLANTAALTA:1PAXES,5,enfriamiento_total_kWh_termicos,0.0,744
C1,PRIMERAPLANTAALTA:1PAXES,6,enfriamiento_total_kWh_termicos,0.0,720
C1,PRIMERAPLANTAALTA:1PAXES,7,enfriamiento_total_kWh_termicos,0.0,744
C1,PRIMERAPLANTAALTA:1PAXES,8,enfriamiento_total_kWh_termicos,0.0,744
C1,PRIMERAPLANTAALTA:1PAXES,9,enfriamiento_total_kWh_termicos,0.0,720
C1,PRIMERAPLANTAALTA:1PAXES,10,enfriamiento_total_kWh_termicos,0.0,744
C1,PRIMERAPLANTAALTA:1PAXES,11,enfriamiento_total_kWh_termicos,0.0,720
C1,PRIMERAPLANTAALTA:1PAXES,12,enfriamiento_total_kWh_termicos,0.0,744
C1,PRIMERAPLANTAALTA:ASCENSOR,1,enfriamiento_sensible_kWh_termicos,0.0,744
C1,PRIMERAPLANTAALTA:ASCENSOR,2,enfriamiento_sensible_kWh_termicos,0.0,672
C1,PRIMERAPLANTAALTA:ASCENSOR,3,enfriamiento_sensible_kWh_termicos,0.0,744
C1,PRIMERAPLANTAALTA:ASCENSOR,4,enfriamiento_sensible_kWh_termicos,0.0,720
C1,PRIMERAPLANTAALTA:ASCENSOR,5,enfriamiento_sensible_kWh_termicos,0.0,744
C1,PRIMERAPLANTAALTA:ASCENSOR,6,enfriamiento_sensible_kWh_termicos,0.0,720
C1,PRIMERAPLANTAALTA:ASCENSOR,7,enfriamiento_sensible_kWh_termicos,0.0,744
C1,PRIMERAPLANTAALTA:ASCENSOR,8,enfriamiento_sensible_kWh_termicos,0.0,744
C1,PRIMERAPLANTAALTA:ASCENSOR,9,enfriamiento_sensible_kWh_termicos,0.0,720
C1,PRIMERAPLANTAALTA:ASCENSOR,10,enfriamiento_sensible_kWh_termicos,0.0,744
C1,PRIMERAPLANTAALTA:ASCENSOR,11,enfriamiento_sensible_kWh_termicos,0.0,720
C1,PRIMERAPLANTAALTA:ASCENSOR,12,enfriamiento_sensible_kWh_termicos,0.0,744
C1,PRIMERAPLANTAALTA:ASCENSOR,1,enfriamiento_total_kWh_termicos,0.0,744
C1,PRIMERAPLANTAALTA:ASCENSOR,2,enfriamiento_total_kWh_termicos,0.0,672
C1,PRIMERAPLANTAALTA:ASCENSOR,3,enfriamiento_total_kWh_termicos,0.0,744
C1,PRIMERAPLANTAALTA:ASCENSOR,4,enfriamiento_total_kWh_termicos,0.0,720
C1,PRIMERAPLANTAALTA:ASCENSOR,5,enfriamiento_total_kWh_termicos,0.0,744
C1,PRIMERAPLANTAALTA:ASCENSOR,6,enfriamiento_total_kWh_termicos,0.0,720
C1,PRIMERAPLANTAALTA:ASCENSOR,7,enfriamiento_total_kWh_termicos,0.0,744
C1,PRIMERAPLANTAALTA:ASCENSOR,8,enfriamiento_total_kWh_termicos,0.0,744
C1,PRIMERAPLANTAALTA:ASCENSOR,9,enfriamiento_total_kWh_termicos,0.0,720
C1,PRIMERAPLANTAALTA:ASCENSOR,10,enfriamiento_total_kWh_termicos,0.0,744
C1,PRIMERAPLANTAALTA:ASCENSOR,11,enfriamiento_total_kWh_termicos,0.0,720
C1,PRIMERAPLANTAALTA:ASCENSOR,12,enfriamiento_total_kWh_termicos,0.0,744
C1,PRIMERAPLANTAALTA:1PAXSR,1,enfriamiento_sensible_kWh_termicos,155.57667873396667,744
C1,PRIMERAPLANTAALTA:1PAXSR,2,enfriamiento_sensible_kWh_termicos,197.11289157026744,672
C1,PRIMERAPLANTAALTA:1PAXSR,3,enfriamiento_sensible_kWh_termicos,258.52055326198035,744
C1,PRIMERAPLANTAALTA:1PAXSR,4,enfriamiento_sensible_kWh_termicos,205.55053863254335,720
C1,PRIMERAPLANTAALTA:1PAXSR,5,enfriamiento_sensible_kWh_termicos,221.37642026091757,744
C1,PRIMERAPLANTAALTA:1PAXSR,6,enfriamiento_sensible_kWh_termicos,133.32366768529803,720
C1,PRIMERAPLANTAALTA:1PAXSR,7,enfriamiento_sensible_kWh_termicos,78.75617134979926,744
C1,PRIMERAPLANTAALTA:1PAXSR,8,enfriamiento_sensible_kWh_termicos,65.42160035810026,744
C1,PRIMERAPLANTAALTA:1PAXSR,9,enfriamiento_sensible_kWh_termicos,43.969416424334895,720
C1,PRIMERAPLANTAALTA:1PAXSR,10,enfriamiento_sensible_kWh_termicos,60.520079495458205,744
C1,PRIMERAPLANTAALTA:1PAXSR,11,enfriamiento_sensible_kWh_termicos,48.04280472744188,720
C1,PRIMERAPLANTAALTA:1PAXSR,12,enfriamiento_sensible_kWh_termicos,91.99839299249518,744
C1,PRIMERAPLANTAALTA:1PAXSR,1,enfriamiento_total_kWh_termicos,323.938854487653,744
C1,PRIMERAPLANTAALTA:1PAXSR,2,enfriamiento_total_kWh_termicos,377.78730071682696,672
C1,PRIMERAPLANTAALTA:1PAXSR,3,enfriamiento_total_kWh_termicos,467.1594591722173,744
C1,PRIMERAPLANTAALTA:1PAXSR,4,enfriamiento_total_kWh_termicos,421.14717511211853,720
C1,PRIMERAPLANTAALTA:1PAXSR,5,enfriamiento_total_kWh_termicos,417.1638212050179,744
C1,PRIMERAPLANTAALTA:1PAXSR,6,enfriamiento_total_kWh_termicos,259.9274961681788,720
C1,PRIMERAPLANTAALTA:1PAXSR,7,enfriamiento_total_kWh_termicos,159.69542154380872,744
C1,PRIMERAPLANTAALTA:1PAXSR,8,enfriamiento_total_kWh_termicos,125.02043905886762,744
C1,PRIMERAPLANTAALTA:1PAXSR,9,enfriamiento_total_kWh_termicos,81.7954808133694,720
C1,PRIMERAPLANTAALTA:1PAXSR,10,enfriamiento_total_kWh_termicos,100.3704449083865,744
C1,PRIMERAPLANTAALTA:1PAXSR,11,enfriamiento_total_kWh_termicos,84.4552564535673,720
C1,PRIMERAPLANTAALTA:1PAXSR,12,enfriamiento_total_kWh_termicos,196.52906258310716,744
C1,PRIMERAPLANTAALTA:1PAXPAS,1,enfriamiento_sensible_kWh_termicos,0.0,744
C1,PRIMERAPLANTAALTA:1PAXPAS,2,enfriamiento_sensible_kWh_termicos,0.0,672
C1,PRIMERAPLANTAALTA:1PAXPAS,3,enfriamiento_sensible_kWh_termicos,0.0,744
C1,PRIMERAPLANTAALTA:1PAXPAS,4,enfriamiento_sensible_kWh_termicos,0.0,720
C1,PRIMERAPLANTAALTA:1PAXPAS,5,enfriamiento_sensible_kWh_termicos,0.0,744
C1,PRIMERAPLANTAALTA:1PAXPAS,6,enfriamiento_sensible_kWh_termicos,0.0,720
C1,PRIMERAPLANTAALTA:1PAXPAS,7,enfriamiento_sensible_kWh_termicos,0.0,744
C1,PRIMERAPLANTAALTA:1PAXPAS,8,enfriamiento_sensible_kWh_termicos,0.0,744
C1,PRIMERAPLANTAALTA:1PAXPAS,9,enfriamiento_sensible_kWh_termicos,0.0,720
C1,PRIMERAPLANTAALTA:1PAXPAS,10,enfriamiento_sensible_kWh_termicos,0.0,744
C1,PRIMERAPLANTAALTA:1PAXPAS,11,enfriamiento_sensible_kWh_termicos,0.0,720
C1,PRIMERAPLANTAALTA:1PAXPAS,12,enfriamiento_sensible_kWh_termicos,0.0,744
C1,PRIMERAPLANTAALTA:1PAXPAS,1,enfriamiento_total_kWh_termicos,0.0,744
C1,PRIMERAPLANTAALTA:1PAXPAS,2,enfriamiento_total_kWh_termicos,0.0,672
C1,PRIMERAPLANTAALTA:1PAXPAS,3,enfriamiento_total_kWh_termicos,0.0,744
C1,PRIMERAPLANTAALTA:1PAXPAS,4,enfriamiento_total_kWh_termicos,0.0,720
C1,PRIMERAPLANTAALTA:1PAXPAS,5,enfriamiento_total_kWh_termicos,0.0,744
C1,PRIMERAPLANTAALTA:1PAXPAS,6,enfriamiento_total_kWh_termicos,0.0,720
C1,PRIMERAPLANTAALTA:1PAXPAS,7,enfriamiento_total_kWh_termicos,0.0,744
C1,PRIMERAPLANTAALTA:1PAXPAS,8,enfriamiento_total_kWh_termicos,0.0,744
C1,PRIMERAPLANTAALTA:1PAXPAS,9,enfriamiento_total_kWh_termicos,0.0,720
C1,PRIMERAPLANTAALTA:1PAXPAS,10,enfriamiento_total_kWh_termicos,0.0,744
C1,PRIMERAPLANTAALTA:1PAXPAS,11,enfriamiento_total_kWh_termicos,0.0,720
C1,PRIMERAPLANTAALTA:1PAXPAS,12,enfriamiento_total_kWh_termicos,0.0,744
C1,PRIMERAPLANTAALTA:1PAXOFX02,1,enfriamiento_sensible_kWh_termicos,164.1464256809663,744
C1,PRIMERAPLANTAALTA:1PAXOFX02,2,enfriamiento_sensible_kWh_termicos,191.0286697344849,672
C1,PRIMERAPLANTAALTA:1PAXOFX02,3,enfriamiento_sensible_kWh_termicos,242.17345997436203,744
C1,PRIMERAPLANTAALTA:1PAXOFX02,4,enfriamiento_sensible_kWh_termicos,195.84491337783473,720
C1,PRIMERAPLANTAALTA:1PAXOFX02,5,enfriamiento_sensible_kWh_termicos,203.75152859407297,744
C1,PRIMERAPLANTAALTA:1PAXOFX02,6,enfriamiento_sensible_kWh_termicos,129.8808183473068,720
C1,PRIMERAPLANTAALTA:1PAXOFX02,7,enfriamiento_sensible_kWh_termicos,77.7673069004305,744
C1,PRIMERAPLANTAALTA:1PAXOFX02,8,enfriamiento_sensible_kWh_termicos,51.66028465313777,744
C1,PRIMERAPLANTAALTA:1PAXOFX02,9,enfriamiento_sensible_kWh_termicos,26.344117709867223,720
C1,PRIMERAPLANTAALTA:1PAXOFX02,10,enfriamiento_sensible_kWh_termicos,51.830872114753596,744
C1,PRIMERAPLANTAALTA:1PAXOFX02,11,enfriamiento_sensible_kWh_termicos,53.29514023021996,720
C1,PRIMERAPLANTAALTA:1PAXOFX02,12,enfriamiento_sensible_kWh_termicos,96.6251964629667,744
C1,PRIMERAPLANTAALTA:1PAXOFX02,1,enfriamiento_total_kWh_termicos,323.34666442413965,744
C1,PRIMERAPLANTAALTA:1PAXOFX02,2,enfriamiento_total_kWh_termicos,360.2364069039185,672
C1,PRIMERAPLANTAALTA:1PAXOFX02,3,enfriamiento_total_kWh_termicos,436.4480004441313,744
C1,PRIMERAPLANTAALTA:1PAXOFX02,4,enfriamiento_total_kWh_termicos,392.35749968513244,720
C1,PRIMERAPLANTAALTA:1PAXOFX02,5,enfriamiento_total_kWh_termicos,382.65623009210265,744
C1,PRIMERAPLANTAALTA:1PAXOFX02,6,enfriamiento_total_kWh_termicos,246.92136990204233,720
C1,PRIMERAPLANTAALTA:1PAXOFX02,7,enfriamiento_total_kWh_termicos,159.3151742545387,744
C1,PRIMERAPLANTAALTA:1PAXOFX02,8,enfriamiento_total_kWh_termicos,97.45083145190351,744
C1,PRIMERAPLANTAALTA:1PAXOFX02,9,enfriamiento_total_kWh_termicos,51.49191304878154,720
C1,PRIMERAPLANTAALTA:1PAXOFX02,10,enfriamiento_total_kWh_termicos,90.42739592550775,744
C1,PRIMERAPLANTAALTA:1PAXOFX02,11,enfriamiento_total_kWh_termicos,97.98841706102455,720
C1,PRIMERAPLANTAALTA:1PAXOFX02,12,enfriamiento_total_kWh_termicos,198.54321933337536,744
C1,PRIMERAPLANTAALTA:1PAXBAX02,1,enfriamiento_sensible_kWh_termicos,0.0,744
C1,PRIMERAPLANTAALTA:1PAXBAX02,2,enfriamiento_sensible_kWh_termicos,0.0,672
C1,PRIMERAPLANTAALTA:1PAXBAX02,3,enfriamiento_sensible_kWh_termicos,0.0,744
C1,PRIMERAPLANTAALTA:1PAXBAX02,4,enfriamiento_sensible_kWh_termicos,0.0,720
C1,PRIMERAPLANTAALTA:1PAXBAX02,5,enfriamiento_sensible_kWh_termicos,0.0,744
C1,PRIMERAPLANTAALTA:1PAXBAX02,6,enfriamiento_sensible_kWh_termicos,0.0,720
C1,PRIMERAPLANTAALTA:1PAXBAX02,7,enfriamiento_sensible_kWh_termicos,0.0,744
C1,PRIMERAPLANTAALTA:1PAXBAX02,8,enfriamiento_sensible_kWh_termicos,0.0,744
C1,PRIMERAPLANTAALTA:1PAXBAX02,9,enfriamiento_sensible_kWh_termicos,0.0,720
C1,PRIMERAPLANTAALTA:1PAXBAX02,10,enfriamiento_sensible_kWh_termicos,0.0,744
C1,PRIMERAPLANTAALTA:1PAXBAX02,11,enfriamiento_sensible_kWh_termicos,0.0,720
C1,PRIMERAPLANTAALTA:1PAXBAX02,12,enfriamiento_sensible_kWh_termicos,0.0,744
C1,PRIMERAPLANTAALTA:1PAXBAX02,1,enfriamiento_total_kWh_termicos,0.0,744
C1,PRIMERAPLANTAALTA:1PAXBAX02,2,enfriamiento_total_kWh_termicos,0.0,672
C1,PRIMERAPLANTAALTA:1PAXBAX02,3,enfriamiento_total_kWh_termicos,0.0,744
C1,PRIMERAPLANTAALTA:1PAXBAX02,4,enfriamiento_total_kWh_termicos,0.0,720
C1,PRIMERAPLANTAALTA:1PAXBAX02,5,enfriamiento_total_kWh_termicos,0.0,744
C1,PRIMERAPLANTAALTA:1PAXBAX02,6,enfriamiento_total_kWh_termicos,0.0,720
C1,PRIMERAPLANTAALTA:1PAXBAX02,7,enfriamiento_total_kWh_termicos,0.0,744
C1,PRIMERAPLANTAALTA:1PAXBAX02,8,enfriamiento_total_kWh_termicos,0.0,744
C1,PRIMERAPLANTAALTA:1PAXBAX02,9,enfriamiento_total_kWh_termicos,0.0,720
C1,PRIMERAPLANTAALTA:1PAXBAX02,10,enfriamiento_total_kWh_termicos,0.0,744
C1,PRIMERAPLANTAALTA:1PAXBAX02,11,enfriamiento_total_kWh_termicos,0.0,720
C1,PRIMERAPLANTAALTA:1PAXBAX02,12,enfriamiento_total_kWh_termicos,0.0,744
C1,PRIMERAPLANTAALTA:1PAXBAX01,1,enfriamiento_sensible_kWh_termicos,0.0,744
C1,PRIMERAPLANTAALTA:1PAXBAX01,2,enfriamiento_sensible_kWh_termicos,0.0,672
C1,PRIMERAPLANTAALTA:1PAXBAX01,3,enfriamiento_sensible_kWh_termicos,0.0,744
C1,PRIMERAPLANTAALTA:1PAXBAX01,4,enfriamiento_sensible_kWh_termicos,0.0,720
C1,PRIMERAPLANTAALTA:1PAXBAX01,5,enfriamiento_sensible_kWh_termicos,0.0,744
C1,PRIMERAPLANTAALTA:1PAXBAX01,6,enfriamiento_sensible_kWh_termicos,0.0,720
C1,PRIMERAPLANTAALTA:1PAXBAX01,7,enfriamiento_sensible_kWh_termicos,0.0,744
C1,PRIMERAPLANTAALTA:1PAXBAX01,8,enfriamiento_sensible_kWh_termicos,0.0,744
C1,PRIMERAPLANTAALTA:1PAXBAX01,9,enfriamiento_sensible_kWh_termicos,0.0,720
C1,PRIMERAPLANTAALTA:1PAXBAX01,10,enfriamiento_sensible_kWh_termicos,0.0,744
C1,PRIMERAPLANTAALTA:1PAXBAX01,11,enfriamiento_sensible_kWh_termicos,0.0,720
C1,PRIMERAPLANTAALTA:1PAXBAX01,12,enfriamiento_sensible_kWh_termicos,0.0,744
C1,PRIMERAPLANTAALTA:1PAXBAX01,1,enfriamiento_total_kWh_termicos,0.0,744
C1,PRIMERAPLANTAALTA:1PAXBAX01,2,enfriamiento_total_kWh_termicos,0.0,672
C1,PRIMERAPLANTAALTA:1PAXBAX01,3,enfriamiento_total_kWh_termicos,0.0,744
C1,PRIMERAPLANTAALTA:1PAXBAX01,4,enfriamiento_total_kWh_termicos,0.0,720
C1,PRIMERAPLANTAALTA:1PAXBAX01,5,enfriamiento_total_kWh_termicos,0.0,744
C1,PRIMERAPLANTAALTA:1PAXBAX01,6,enfriamiento_total_kWh_termicos,0.0,720
C1,PRIMERAPLANTAALTA:1PAXBAX01,7,enfriamiento_total_kWh_termicos,0.0,744
C1,PRIMERAPLANTAALTA:1PAXBAX01,8,enfriamiento_total_kWh_termicos,0.0,744
C1,PRIMERAPLANTAALTA:1PAXBAX01,9,enfriamiento_total_kWh_termicos,0.0,720
C1,PRIMERAPLANTAALTA:1PAXBAX01,10,enfriamiento_total_kWh_termicos,0.0,744
C1,PRIMERAPLANTAALTA:1PAXBAX01,11,enfriamiento_total_kWh_termicos,0.0,720
C1,PRIMERAPLANTAALTA:1PAXBAX01,12,enfriamiento_total_kWh_termicos,0.0,744
C1,PRIMERAPLANTAALTA:1PAXOFX03,1,enfriamiento_sensible_kWh_termicos,265.8836273115635,744
C1,PRIMERAPLANTAALTA:1PAXOFX03,2,enfriamiento_sensible_kWh_termicos,308.61899860195535,672
C1,PRIMERAPLANTAALTA:1PAXOFX03,3,enfriamiento_sensible_kWh_termicos,376.8031744697727,744
C1,PRIMERAPLANTAALTA:1PAXOFX03,4,enfriamiento_sensible_kWh_termicos,282.634129593579,720
C1,PRIMERAPLANTAALTA:1PAXOFX03,5,enfriamiento_sensible_kWh_termicos,268.8332145348134,744
C1,PRIMERAPLANTAALTA:1PAXOFX03,6,enfriamiento_sensible_kWh_termicos,140.78151706357164,720
C1,PRIMERAPLANTAALTA:1PAXOFX03,7,enfriamiento_sensible_kWh_termicos,86.17698441001852,744
C1,PRIMERAPLANTAALTA:1PAXOFX03,8,enfriamiento_sensible_kWh_termicos,40.46271863837074,744
C1,PRIMERAPLANTAALTA:1PAXOFX03,9,enfriamiento_sensible_kWh_termicos,8.754638203037802,720
C1,PRIMERAPLANTAALTA:1PAXOFX03,10,enfriamiento_sensible_kWh_termicos,54.08924388671736,744
C1,PRIMERAPLANTAALTA:1PAXOFX03,11,enfriamiento_sensible_kWh_termicos,65.37371638331808,720
C1,PRIMERAPLANTAALTA:1PAXOFX03,12,enfriamiento_sensible_kWh_termicos,155.3585208391691,744
C1,PRIMERAPLANTAALTA:1PAXOFX03,1,enfriamiento_total_kWh_termicos,529.2004152319338,744
C1,PRIMERAPLANTAALTA:1PAXOFX03,2,enfriamiento_total_kWh_termicos,591.5160514890147,672
C1,PRIMERAPLANTAALTA:1PAXOFX03,3,enfriamiento_total_kWh_termicos,692.788722783007,744
C1,PRIMERAPLANTAALTA:1PAXOFX03,4,enfriamiento_total_kWh_termicos,601.2570437633915,720
C1,PRIMERAPLANTAALTA:1PAXOFX03,5,enfriamiento_total_kWh_termicos,546.8726776015959,744
C1,PRIMERAPLANTAALTA:1PAXOFX03,6,enfriamiento_total_kWh_termicos,289.33757104190914,720
C1,PRIMERAPLANTAALTA:1PAXOFX03,7,enfriamiento_total_kWh_termicos,177.57713043295155,744
C1,PRIMERAPLANTAALTA:1PAXOFX03,8,enfriamiento_total_kWh_termicos,79.22638485567404,744
C1,PRIMERAPLANTAALTA:1PAXOFX03,9,enfriamiento_total_kWh_termicos,17.27321153790111,720
C1,PRIMERAPLANTAALTA:1PAXOFX03,10,enfriamiento_total_kWh_termicos,95.28529096173088,744
C1,PRIMERAPLANTAALTA:1PAXOFX03,11,enfriamiento_total_kWh_termicos,120.32802770922511,720
C1,PRIMERAPLANTAALTA:1PAXOFX03,12,enfriamiento_total_kWh_termicos,319.03345021243837,744
C1,PRIMERAPLANTAALTA:1PAXOFX01,1,enfriamiento_sensible_kWh_termicos,302.5182044135889,744
C1,PRIMERAPLANTAALTA:1PAXOFX01,2,enfriamiento_sensible_kWh_termicos,344.9746899244973,672
C1,PRIMERAPLANTAALTA:1PAXOFX01,3,enfriamiento_sensible_kWh_termicos,419.63134672408813,744
C1,PRIMERAPLANTAALTA:1PAXOFX01,4,enfriamiento_sensible_kWh_termicos,292.5149628673636,720
C1,PRIMERAPLANTAALTA:1PAXOFX01,5,enfriamiento_sensible_kWh_termicos,255.2474103556184,744
C1,PRIMERAPLANTAALTA:1PAXOFX01,6,enfriamiento_sensible_kWh_termicos,120.8873669771938,720
C1,PRIMERAPLANTAALTA:1PAXOFX01,7,enfriamiento_sensible_kWh_termicos,72.84575937872883,744
C1,PRIMERAPLANTAALTA:1PAXOFX01,8,enfriamiento_sensible_kWh_termicos,30.197362056076276,744
C1,PRIMERAPLANTAALTA:1PAXOFX01,9,enfriamiento_sensible_kWh_termicos,8.043977655930263,720
C1,PRIMERAPLANTAALTA:1PAXOFX01,10,enfriamiento_sensible_kWh_termicos,66.24132843152807,744
C1,PRIMERAPLANTAALTA:1PAXOFX01,11,enfriamiento_sensible_kWh_termicos,82.62103161222203,720
C1,PRIMERAPLANTAALTA:1PAXOFX01,12,enfriamiento_sensible_kWh_termicos,183.71338774306665,744
C1,PRIMERAPLANTAALTA:1PAXOFX01,1,enfriamiento_total_kWh_termicos,546.1551913712048,744
C1,PRIMERAPLANTAALTA:1PAXOFX01,2,enfriamiento_total_kWh_termicos,600.8184079113106,672
C1,PRIMERAPLANTAALTA:1PAXOFX01,3,enfriamiento_total_kWh_termicos,707.6217702375736,744
C1,PRIMERAPLANTAALTA:1PAXOFX01,4,enfriamiento_total_kWh_termicos,572.8924117322872,720
C1,PRIMERAPLANTAALTA:1PAXOFX01,5,enfriamiento_total_kWh_termicos,490.90807475098603,744
C1,PRIMERAPLANTAALTA:1PAXOFX01,6,enfriamiento_total_kWh_termicos,238.2078547481043,720
C1,PRIMERAPLANTAALTA:1PAXOFX01,7,enfriamiento_total_kWh_termicos,146.6043353884382,744
C1,PRIMERAPLANTAALTA:1PAXOFX01,8,enfriamiento_total_kWh_termicos,56.20251497143127,744
C1,PRIMERAPLANTAALTA:1PAXOFX01,9,enfriamiento_total_kWh_termicos,14.801549086242874,720
C1,PRIMERAPLANTAALTA:1PAXOFX01,10,enfriamiento_total_kWh_termicos,105.58936421614818,744
C1,PRIMERAPLANTAALTA:1PAXOFX01,11,enfriamiento_total_kWh_termicos,138.5810496871536,720
C1,PRIMERAPLANTAALTA:1PAXOFX01,12,enfriamiento_total_kWh_termicos,330.53997516483173,744
C1,SEGUNDAPLANTAALTA:2PAXBAX01,1,enfriamiento_sensible_kWh_termicos,0.0,744
C1,SEGUNDAPLANTAALTA:2PAXBAX01,2,enfriamiento_sensible_kWh_termicos,0.0,672
C1,SEGUNDAPLANTAALTA:2PAXBAX01,3,enfriamiento_sensible_kWh_termicos,0.0,744
C1,SEGUNDAPLANTAALTA:2PAXBAX01,4,enfriamiento_sensible_kWh_termicos,0.0,720
C1,SEGUNDAPLANTAALTA:2PAXBAX01,5,enfriamiento_sensible_kWh_termicos,0.0,744
C1,SEGUNDAPLANTAALTA:2PAXBAX01,6,enfriamiento_sensible_kWh_termicos,0.0,720
C1,SEGUNDAPLANTAALTA:2PAXBAX01,7,enfriamiento_sensible_kWh_termicos,0.0,744
C1,SEGUNDAPLANTAALTA:2PAXBAX01,8,enfriamiento_sensible_kWh_termicos,0.0,744
C1,SEGUNDAPLANTAALTA:2PAXBAX01,9,enfriamiento_sensible_kWh_termicos,0.0,720
C1,SEGUNDAPLANTAALTA:2PAXBAX01,10,enfriamiento_sensible_kWh_termicos,0.0,744
C1,SEGUNDAPLANTAALTA:2PAXBAX01,11,enfriamiento_sensible_kWh_termicos,0.0,720
C1,SEGUNDAPLANTAALTA:2PAXBAX01,12,enfriamiento_sensible_kWh_termicos,0.0,744
C1,SEGUNDAPLANTAALTA:2PAXBAX01,1,enfriamiento_total_kWh_termicos,0.0,744
C1,SEGUNDAPLANTAALTA:2PAXBAX01,2,enfriamiento_total_kWh_termicos,0.0,672
C1,SEGUNDAPLANTAALTA:2PAXBAX01,3,enfriamiento_total_kWh_termicos,0.0,744
C1,SEGUNDAPLANTAALTA:2PAXBAX01,4,enfriamiento_total_kWh_termicos,0.0,720
C1,SEGUNDAPLANTAALTA:2PAXBAX01,5,enfriamiento_total_kWh_termicos,0.0,744
C1,SEGUNDAPLANTAALTA:2PAXBAX01,6,enfriamiento_total_kWh_termicos,0.0,720
C1,SEGUNDAPLANTAALTA:2PAXBAX01,7,enfriamiento_total_kWh_termicos,0.0,744
C1,SEGUNDAPLANTAALTA:2PAXBAX01,8,enfriamiento_total_kWh_termicos,0.0,744
C1,SEGUNDAPLANTAALTA:2PAXBAX01,9,enfriamiento_total_kWh_termicos,0.0,720
C1,SEGUNDAPLANTAALTA:2PAXBAX01,10,enfriamiento_total_kWh_termicos,0.0,744
C1,SEGUNDAPLANTAALTA:2PAXBAX01,11,enfriamiento_total_kWh_termicos,0.0,720
C1,SEGUNDAPLANTAALTA:2PAXBAX01,12,enfriamiento_total_kWh_termicos,0.0,744
C1,SEGUNDAPLANTAALTA:2PAXCAF,1,enfriamiento_sensible_kWh_termicos,140.14940596695192,744
C1,SEGUNDAPLANTAALTA:2PAXCAF,2,enfriamiento_sensible_kWh_termicos,166.31470201446197,672
C1,SEGUNDAPLANTAALTA:2PAXCAF,3,enfriamiento_sensible_kWh_termicos,205.15247178137133,744
C1,SEGUNDAPLANTAALTA:2PAXCAF,4,enfriamiento_sensible_kWh_termicos,154.71717307260852,720
C1,SEGUNDAPLANTAALTA:2PAXCAF,5,enfriamiento_sensible_kWh_termicos,148.72228959528036,744
C1,SEGUNDAPLANTAALTA:2PAXCAF,6,enfriamiento_sensible_kWh_termicos,83.18099183229032,720
C1,SEGUNDAPLANTAALTA:2PAXCAF,7,enfriamiento_sensible_kWh_termicos,57.76824063408537,744
C1,SEGUNDAPLANTAALTA:2PAXCAF,8,enfriamiento_sensible_kWh_termicos,42.772870272499524,744
C1,SEGUNDAPLANTAALTA:2PAXCAF,9,enfriamiento_sensible_kWh_termicos,34.55242080214188,720
C1,SEGUNDAPLANTAALTA:2PAXCAF,10,enfriamiento_sensible_kWh_termicos,54.11848442210903,744
C1,SEGUNDAPLANTAALTA:2PAXCAF,11,enfriamiento_sensible_kWh_termicos,50.33905012835578,720
C1,SEGUNDAPLANTAALTA:2PAXCAF,12,enfriamiento_sensible_kWh_termicos,88.37668599413897,744
C1,SEGUNDAPLANTAALTA:2PAXCAF,1,enfriamiento_total_kWh_termicos,334.04573154354864,744
C1,SEGUNDAPLANTAALTA:2PAXCAF,2,enfriamiento_total_kWh_termicos,393.6861369821026,672
C1,SEGUNDAPLANTAALTA:2PAXCAF,3,enfriamiento_total_kWh_termicos,494.1364680668971,744
C1,SEGUNDAPLANTAALTA:2PAXCAF,4,enfriamiento_total_kWh_termicos,411.24528423755396,720
C1,SEGUNDAPLANTAALTA:2PAXCAF,5,enfriamiento_total_kWh_termicos,361.40956067044635,744
C1,SEGUNDAPLANTAALTA:2PAXCAF,6,enfriamiento_total_kWh_termicos,160.08958799249947,720
C1,SEGUNDAPLANTAALTA:2PAXCAF,7,enfriamiento_total_kWh_termicos,88.82952628314071,744
C1,SEGUNDAPLANTAALTA:2PAXCAF,8,enfriamiento_total_kWh_termicos,54.90787999542832,744
C1,SEGUNDAPLANTAALTA:2PAXCAF,9,enfriamiento_total_kWh_termicos,38.0733930024528,720
C1,SEGUNDAPLANTAALTA:2PAXCAF,10,enfriamiento_total_kWh_termicos,65.99149107348009,744
C1,SEGUNDAPLANTAALTA:2PAXCAF,11,enfriamiento_total_kWh_termicos,64.43934012231657,720
C1,SEGUNDAPLANTAALTA:2PAXCAF,12,enfriamiento_total_kWh_termicos,171.5946242140486,744
C1,SEGUNDAPLANTAALTA:2PAXES,1,enfriamiento_sensible_kWh_termicos,0.0,744
C1,SEGUNDAPLANTAALTA:2PAXES,2,enfriamiento_sensible_kWh_termicos,0.0,672
C1,SEGUNDAPLANTAALTA:2PAXES,3,enfriamiento_sensible_kWh_termicos,0.0,744
C1,SEGUNDAPLANTAALTA:2PAXES,4,enfriamiento_sensible_kWh_termicos,0.0,720
C1,SEGUNDAPLANTAALTA:2PAXES,5,enfriamiento_sensible_kWh_termicos,0.0,744
C1,SEGUNDAPLANTAALTA:2PAXES,6,enfriamiento_sensible_kWh_termicos,0.0,720
C1,SEGUNDAPLANTAALTA:2PAXES,7,enfriamiento_sensible_kWh_termicos,0.0,744
C1,SEGUNDAPLANTAALTA:2PAXES,8,enfriamiento_sensible_kWh_termicos,0.0,744
C1,SEGUNDAPLANTAALTA:2PAXES,9,enfriamiento_sensible_kWh_termicos,0.0,720
C1,SEGUNDAPLANTAALTA:2PAXES,10,enfriamiento_sensible_kWh_termicos,0.0,744
C1,SEGUNDAPLANTAALTA:2PAXES,11,enfriamiento_sensible_kWh_termicos,0.0,720
C1,SEGUNDAPLANTAALTA:2PAXES,12,enfriamiento_sensible_kWh_termicos,0.0,744
C1,SEGUNDAPLANTAALTA:2PAXES,1,enfriamiento_total_kWh_termicos,0.0,744
C1,SEGUNDAPLANTAALTA:2PAXES,2,enfriamiento_total_kWh_termicos,0.0,672
C1,SEGUNDAPLANTAALTA:2PAXES,3,enfriamiento_total_kWh_termicos,0.0,744
C1,SEGUNDAPLANTAALTA:2PAXES,4,enfriamiento_total_kWh_termicos,0.0,720
C1,SEGUNDAPLANTAALTA:2PAXES,5,enfriamiento_total_kWh_termicos,0.0,744
C1,SEGUNDAPLANTAALTA:2PAXES,6,enfriamiento_total_kWh_termicos,0.0,720
C1,SEGUNDAPLANTAALTA:2PAXES,7,enfriamiento_total_kWh_termicos,0.0,744
C1,SEGUNDAPLANTAALTA:2PAXES,8,enfriamiento_total_kWh_termicos,0.0,744
C1,SEGUNDAPLANTAALTA:2PAXES,9,enfriamiento_total_kWh_termicos,0.0,720
C1,SEGUNDAPLANTAALTA:2PAXES,10,enfriamiento_total_kWh_termicos,0.0,744
C1,SEGUNDAPLANTAALTA:2PAXES,11,enfriamiento_total_kWh_termicos,0.0,720
C1,SEGUNDAPLANTAALTA:2PAXES,12,enfriamiento_total_kWh_termicos,0.0,744
C1,SEGUNDAPLANTAALTA:2PAXSUM,1,enfriamiento_sensible_kWh_termicos,424.7898470649698,744
C1,SEGUNDAPLANTAALTA:2PAXSUM,2,enfriamiento_sensible_kWh_termicos,502.71267944647764,672
C1,SEGUNDAPLANTAALTA:2PAXSUM,3,enfriamiento_sensible_kWh_termicos,607.9012416585332,744
C1,SEGUNDAPLANTAALTA:2PAXSUM,4,enfriamiento_sensible_kWh_termicos,418.5159863397613,720
C1,SEGUNDAPLANTAALTA:2PAXSUM,5,enfriamiento_sensible_kWh_termicos,376.7563676450923,744
C1,SEGUNDAPLANTAALTA:2PAXSUM,6,enfriamiento_sensible_kWh_termicos,196.02752383072607,720
C1,SEGUNDAPLANTAALTA:2PAXSUM,7,enfriamiento_sensible_kWh_termicos,115.42373229467702,744
C1,SEGUNDAPLANTAALTA:2PAXSUM,8,enfriamiento_sensible_kWh_termicos,97.33331976405523,744
C1,SEGUNDAPLANTAALTA:2PAXSUM,9,enfriamiento_sensible_kWh_termicos,86.57395718659815,720
C1,SEGUNDAPLANTAALTA:2PAXSUM,10,enfriamiento_sensible_kWh_termicos,171.04938929906322,744
C1,SEGUNDAPLANTAALTA:2PAXSUM,11,enfriamiento_sensible_kWh_termicos,167.73256603477358,720
C1,SEGUNDAPLANTAALTA:2PAXSUM,12,enfriamiento_sensible_kWh_termicos,277.0507359778753,744
C1,SEGUNDAPLANTAALTA:2PAXSUM,1,enfriamiento_total_kWh_termicos,866.3118639483528,744
C1,SEGUNDAPLANTAALTA:2PAXSUM,2,enfriamiento_total_kWh_termicos,970.2941329068882,672
C1,SEGUNDAPLANTAALTA:2PAXSUM,3,enfriamiento_total_kWh_termicos,1148.8499338488741,744
C1,SEGUNDAPLANTAALTA:2PAXSUM,4,enfriamiento_total_kWh_termicos,936.7142178789265,720
C1,SEGUNDAPLANTAALTA:2PAXSUM,5,enfriamiento_total_kWh_termicos,817.237345410458,744
C1,SEGUNDAPLANTAALTA:2PAXSUM,6,enfriamiento_total_kWh_termicos,426.32366455987284,720
C1,SEGUNDAPLANTAALTA:2PAXSUM,7,enfriamiento_total_kWh_termicos,218.2293891874938,744
C1,SEGUNDAPLANTAALTA:2PAXSUM,8,enfriamiento_total_kWh_termicos,175.7981169443569,744
C1,SEGUNDAPLANTAALTA:2PAXSUM,9,enfriamiento_total_kWh_termicos,149.80468235043986,720
C1,SEGUNDAPLANTAALTA:2PAXSUM,10,enfriamiento_total_kWh_termicos,277.62077066145173,744
C1,SEGUNDAPLANTAALTA:2PAXSUM,11,enfriamiento_total_kWh_termicos,289.16323925973256,720
C1,SEGUNDAPLANTAALTA:2PAXSUM,12,enfriamiento_total_kWh_termicos,552.4222623894545,744
C1,SEGUNDAPLANTAALTA:ASCENSOR,1,enfriamiento_sensible_kWh_termicos,0.0,744
C1,SEGUNDAPLANTAALTA:ASCENSOR,2,enfriamiento_sensible_kWh_termicos,0.0,672
C1,SEGUNDAPLANTAALTA:ASCENSOR,3,enfriamiento_sensible_kWh_termicos,0.0,744
C1,SEGUNDAPLANTAALTA:ASCENSOR,4,enfriamiento_sensible_kWh_termicos,0.0,720
C1,SEGUNDAPLANTAALTA:ASCENSOR,5,enfriamiento_sensible_kWh_termicos,0.0,744
C1,SEGUNDAPLANTAALTA:ASCENSOR,6,enfriamiento_sensible_kWh_termicos,0.0,720
C1,SEGUNDAPLANTAALTA:ASCENSOR,7,enfriamiento_sensible_kWh_termicos,0.0,744
C1,SEGUNDAPLANTAALTA:ASCENSOR,8,enfriamiento_sensible_kWh_termicos,0.0,744
C1,SEGUNDAPLANTAALTA:ASCENSOR,9,enfriamiento_sensible_kWh_termicos,0.0,720
C1,SEGUNDAPLANTAALTA:ASCENSOR,10,enfriamiento_sensible_kWh_termicos,0.0,744
C1,SEGUNDAPLANTAALTA:ASCENSOR,11,enfriamiento_sensible_kWh_termicos,0.0,720
C1,SEGUNDAPLANTAALTA:ASCENSOR,12,enfriamiento_sensible_kWh_termicos,0.0,744
C1,SEGUNDAPLANTAALTA:ASCENSOR,1,enfriamiento_total_kWh_termicos,0.0,744
C1,SEGUNDAPLANTAALTA:ASCENSOR,2,enfriamiento_total_kWh_termicos,0.0,672
C1,SEGUNDAPLANTAALTA:ASCENSOR,3,enfriamiento_total_kWh_termicos,0.0,744
C1,SEGUNDAPLANTAALTA:ASCENSOR,4,enfriamiento_total_kWh_termicos,0.0,720
C1,SEGUNDAPLANTAALTA:ASCENSOR,5,enfriamiento_total_kWh_termicos,0.0,744
C1,SEGUNDAPLANTAALTA:ASCENSOR,6,enfriamiento_total_kWh_termicos,0.0,720
C1,SEGUNDAPLANTAALTA:ASCENSOR,7,enfriamiento_total_kWh_termicos,0.0,744
C1,SEGUNDAPLANTAALTA:ASCENSOR,8,enfriamiento_total_kWh_termicos,0.0,744
C1,SEGUNDAPLANTAALTA:ASCENSOR,9,enfriamiento_total_kWh_termicos,0.0,720
C1,SEGUNDAPLANTAALTA:ASCENSOR,10,enfriamiento_total_kWh_termicos,0.0,744
C1,SEGUNDAPLANTAALTA:ASCENSOR,11,enfriamiento_total_kWh_termicos,0.0,720
C1,SEGUNDAPLANTAALTA:ASCENSOR,12,enfriamiento_total_kWh_termicos,0.0,744
C1,SEGUNDAPLANTAALTA:2PAXPAS,1,enfriamiento_sensible_kWh_termicos,0.0,744
C1,SEGUNDAPLANTAALTA:2PAXPAS,2,enfriamiento_sensible_kWh_termicos,0.0,672
C1,SEGUNDAPLANTAALTA:2PAXPAS,3,enfriamiento_sensible_kWh_termicos,0.0,744
C1,SEGUNDAPLANTAALTA:2PAXPAS,4,enfriamiento_sensible_kWh_termicos,0.0,720
C1,SEGUNDAPLANTAALTA:2PAXPAS,5,enfriamiento_sensible_kWh_termicos,0.0,744
C1,SEGUNDAPLANTAALTA:2PAXPAS,6,enfriamiento_sensible_kWh_termicos,0.0,720
C1,SEGUNDAPLANTAALTA:2PAXPAS,7,enfriamiento_sensible_kWh_termicos,0.0,744
C1,SEGUNDAPLANTAALTA:2PAXPAS,8,enfriamiento_sensible_kWh_termicos,0.0,744
C1,SEGUNDAPLANTAALTA:2PAXPAS,9,enfriamiento_sensible_kWh_termicos,0.0,720
C1,SEGUNDAPLANTAALTA:2PAXPAS,10,enfriamiento_sensible_kWh_termicos,0.0,744
C1,SEGUNDAPLANTAALTA:2PAXPAS,11,enfriamiento_sensible_kWh_termicos,0.0,720
C1,SEGUNDAPLANTAALTA:2PAXPAS,12,enfriamiento_sensible_kWh_termicos,0.0,744
C1,SEGUNDAPLANTAALTA:2PAXPAS,1,enfriamiento_total_kWh_termicos,0.0,744
C1,SEGUNDAPLANTAALTA:2PAXPAS,2,enfriamiento_total_kWh_termicos,0.0,672
C1,SEGUNDAPLANTAALTA:2PAXPAS,3,enfriamiento_total_kWh_termicos,0.0,744
C1,SEGUNDAPLANTAALTA:2PAXPAS,4,enfriamiento_total_kWh_termicos,0.0,720
C1,SEGUNDAPLANTAALTA:2PAXPAS,5,enfriamiento_total_kWh_termicos,0.0,744
C1,SEGUNDAPLANTAALTA:2PAXPAS,6,enfriamiento_total_kWh_termicos,0.0,720
C1,SEGUNDAPLANTAALTA:2PAXPAS,7,enfriamiento_total_kWh_termicos,0.0,744
C1,SEGUNDAPLANTAALTA:2PAXPAS,8,enfriamiento_total_kWh_termicos,0.0,744
C1,SEGUNDAPLANTAALTA:2PAXPAS,9,enfriamiento_total_kWh_termicos,0.0,720
C1,SEGUNDAPLANTAALTA:2PAXPAS,10,enfriamiento_total_kWh_termicos,0.0,744
C1,SEGUNDAPLANTAALTA:2PAXPAS,11,enfriamiento_total_kWh_termicos,0.0,720
C1,SEGUNDAPLANTAALTA:2PAXPAS,12,enfriamiento_total_kWh_termicos,0.0,744
