"Date/Time";"Glazing";"Walls";"Ceilings (int)";"Floors (int)";"Ground Floors";"Partitions (int)";"Roofs";"Floors (ext)";"Internal Natural vent.";"Sensible Cooling";"Mech Vent + Nat Vent + Infiltration";"External Air";"External Vent.";"Total Cooling";"General Lighting";"Miscellaneous";"Catering";"Computer + Equip";"Occupancy";"Solar Gains Interior Windows";"Solar Gains Exterior Windows";"Zone Sensible Heating";"Zone Sensible Cooling";"Air Temperature";"Radiant Temperature";"Operative Temperature";"Room Electricity";"Lighting";"Cooling (Electricity)";"Outside Dry-Bulb Temperature"
"";"kWh";"kWh";"kWh";"kWh";"kWh";"kWh";"kWh";"kWh";"kWh";"kWh";"ac/h";"kWh";"kWh";"kWh";"kWh";"kWh";"kWh";"kWh";"kWh";"kWh";"kWh";"kWh";"kWh";"°C";"°C";"°C";"kWh";"kWh";"kWh";"°C"
"01/01/2025";"-40,0201";"-21,78897";"2,60311";"-1,437066";"-29,12062";"-2,875305";"-3,147666";"-1,203177";"-3,726063";"-183,6468";"1,631638";"-2,175186";"-6,604212";"-277,6703";"44,19941";"95,17348";"0,877635";"13,83909";"19,11445";"9,247892";"120,8748";"0,04045727";"-184,9841";"26,30561";"27,65317";"26,97939";"109,8902";"44,19941";"146,6968";"24,0375"
"02/01/2025";"-51,14479";"-49,19571";"3,689143";"0,82458";"-19,94601";"10,95849";"-0,853494";"-1,582482";"-4,594287";"-161,4285";"1,845903";"-1,744507";"-4,902625";"-249,7098";"44,19941";"95,17348";"0,877635";"13,83909";"19,28382";"7,715555";"107,1965";"0,0772438";"-161,3917";"25,97915";"26,91198";"26,44556";"109,8902";"44,19941";"132,1048";"24,3816"
"03/01/2025";"-48,23407";"-61,38462";"1,683175";"0,308969";"-17,65997";"5,897044";"-3,535053";"-1,474932";"-3,142385";"-151,9791";"1,589693";"-0,754141";"-2,572526";"-226,7522";"44,19941";"95,17348";"0,877635";"13,83909";"19,40343";"8,279451";"108,4625";"0,2087615";"-150,2002";"25,66787";"26,3258";"25,99684";"109,8902";"44,19941";"120,0546";"24,61667"
"04/01/2025";"-20,58314";"-25,07783";"-1,178374";"-1,065994";"-17,77161";"-7,165413";"-5,914529";"-0,671251";"-1,990184";"-160,5094";"1,293564";"-0,529472";"-2,013573";"-242,5546";"43,48851";"95,17348";"0,877635";"13,83909";"19,35157";"5,336349";"73,2596";"0,1783966";"-158,753";"25,81362";"26,60178";"26,2077";"109,8902";"43,48851";"128,6042";"24,50833"
"05/01/2025";"-35,01111";"-18,01157";"1,340422";"-3,260654";"-30,00193";"-17,3709";"-5,58562";"-1,102793";"-0,576133";"-100,0069";"0,857359";"-1,962406";"-5,481166";"-108,6287";"1,883448";"94,24216";"0";"0";"0,5833638";"8,83972";"115,9857";"0,06703214";"-100,0735";"27,026";"27,58024";"27,30312";"94,24216";"1,883448";"60,34929";"24,92813"
"06/01/2025";"-33,88181";"-18,16847";"2,643725";"-2,209116";"-29,36852";"-7,67363";"-3,343899";"-1,010475";"-3,870119";"-191,4918";"1,716556";"-1,634266";"-4,057158";"-291,6049";"44,19941";"95,17348";"0,877635";"13,83909";"19,10952";"8,388577";"118,5881";"0,1329905";"-188,1866";"26,49126";"27,80914";"27,1502";"109,8902";"44,19941";"153,872";"24,87674"
"07/01/2025";"-57,32091";"-54,6683";"4,592762";"0,65097";"-24,95635";"9,699554";"-1,07348";"-1,682307";"-3,502182";"-169,7672";"1,447634";"-0,996941";"-3,253183";"-256,1569";"44,19941";"95,17348";"0,877635";"13,83909";"19,12244";"9,770861";"126,0578";"0,09604967";"-168,628";"26,21866";"27,19738";"26,70802";"109,8902";"44,19941";"135,5974";"24,5816"
"08/01/2025";"-25,85237";"-23,46594";"-0,005566";"-3,311262";"-28,10134";"-10,57887";"-6,984022";"-0,742754";"-1,886525";"-184";"1,302996";"-0,793657";"-2,494473";"-275,802";"44,19941";"95,17348";"0,877635";"13,83909";"19,09613";"8,605919";"113,8448";"0,07642762";"-181,6579";"26,29981";"27,43946";"26,86963";"109,8902";"44,19941";"145,9312";"24,82396"
"09/01/2025";"-27,5374";"-1,769814";"2,031957";"-1,630695";"-31,78082";"-9,944477";"-3,871249";"-0,772173";"-1,14883";"-203,7886";"1,229001";"-0,520585";"-1,505342";"-331,8282";"44,19941";"95,17348";"0,877635";"13,83909";"18,859";"7,762154";"101,9997";"0,3169499";"-197,1527";"26,82948";"28,16608";"27,49778";"109,8902";"44,19941";"176,0577";"25,35174"
"10/01/2025";"-33,20017";"-6,192671";"3,161494";"-2,50506";"-36,03405";"-7,417108";"-2,873594";"-0,95631";"-2,665319";"-213,6323";"1,459201";"-0,797998";"-2,212935";"-348,662";"44,19941";"95,23257";"0,877635";"13,83909";"19,03911";"9,585319";"123,3171";"0,2694583";"-207,1214";"26,92216";"28,44336";"27,68276";"109,9493";"44,19941";"184,7344";"25,27986"
"11/01/2025";"-55,8775";"-45,46545";"5,706631";"0,691433";"-27,52959";"13,46879";"0,496673";"-1,703226";"-4,396405";"-183,4736";"1,66084";"-1,303521";"-3,648294";"-297,7742";"43,48851";"95,17348";"0,877635";"13,83909";"19,03798";"9,591652";"124,6522";"0,2379919";"-179,3572";"26,46161";"27,64639";"27,054";"109,8902";"43,48851";"157,7131";"24,95833"
"12/01/2025";"-41,50402";"-41,6906";"3,202907";"-1,808081";"-20,93825";"6,075708";"-3,248825";"-1,186926";"-0,780198";"-99,34158";"0,553879";"-0,979373";"-2,687148";"-109,1225";"1,883448";"94,24216";"0";"0";"0,5875837";"7,627002";"105,193";"0,05686426";"-99,41973";"26,56811";"27,01738";"26,79275";"94,24216";"1,883448";"60,62363";"25,04896"
"13/01/2025";"-38,05259";"-48,57006";"2,035188";"-0,516222";"-20,91129";"2,03528";"-3,704142";"-1,24249";"-3,016599";"-171,8221";"1,564425";"-0,052066";"0,447041";"-269,0099";"44,19941";"95,23257";"0,877635";"13,83909";"19,50858";"7,708824";"101,9951";"0,5537299";"-163,6629";"26,01123";"26,8287";"26,41996";"109,9493";"44,19941";"142,6628";"25,63646"
"14/01/2025";"-15,62421";"-16,18834";"-0,246638";"-1,48495";"-21,72258";"-7,216014";"-5,520852";"-0,516822";"-1,664168";"-180,45";"1,486822";"-0,424711";"-0,508119";"-277,0663";"44,19941";"95,23257";"0,877635";"13,83909";"19,44999";"5,544855";"72,19395";"0,4768454";"-172,6105";"26,13713";"27,12912";"26,63312";"109,9493";"44,19941";"147,1911";"25,54826"
"15/01/2025";"-27,26945";"-5,269776";"1,497015";"-3,810057";"-35,91136";"-19,80389";"-5,410106";"-0,791792";"0,774489";"-212,4798";"1,27725";"-0,857608";"-2,223357";"-327,0583";"44,19941";"95,23257";"0,877635";"13,83909";"19,06017";"9,770196";"127,575";"0,5174726";"-203,6751";"26,78079";"28,18328";"27,48203";"109,9493";"44,19941";"173,2898";"25,6743"
"16/01/2025";"-57,58841";"-48,83678";"5,460935";"1,051606";"-27,24194";"10,93817";"0,156014";"-1,69243";"-3,073254";"-165,9217";"1,298183";"-1,122901";"-4,234921";"-272,6339";"44,19941";"95,23257";"0,877635";"13,83909";"19,3269";"9,557252";"124,08";"0";"-173,4382";"26,53071";"27,57627";"27,05349";"109,9493";"44,19941";"144,2991";"24,35556"
"17/01/2025";"-46,16183";"-59,56205";"2,691955";"-0,653935";"-23,64561";"5,961439";"-3,644315";"-1,431781";"-2,493288";"-167,1937";"1,334138";"-0,340258";"-0,946023";"-267,4761";"44,19941";"95,23257";"0,877635";"13,83909";"19,43806";"9,448965";"121,1097";"0,3552302";"-165,2738";"26,08192";"26,92387";"26,5029";"109,9493";"44,19941";"141,6926";"25,04757"
"18/01/2025";"-23,31395";"-18,86766";"0,034768";"-4,37241";"-31,89038";"-16,83334";"-7,975568";"-0,668841";"-1,379277";"-192,2097";"1,249366";"-0,379411";"-1,059636";"-309,9043";"43,48851";"95,17348";"0,877635";"13,83909";"19,03971";"9,383897";"122,98";"0,1956898";"-187,9771";"26,50875";"27,69057";"27,09966";"109,8902";"43,48851";"163,8713";"25,48889"
"19/01/2025";"-35,49551";"-8,483775";"4,407569";"-0,802492";"-26,31388";"-0,013626";"-2,102215";"-1,054339";"0,689798";"-102,2878";"0,2868221";"-0,851454";"-2,834265";"-110,6446";"1,883448";"94,24216";"0";"0";"0,553519";"5,869529";"74,08173";"0,00524507";"-102,5165";"27,55368";"28,00319";"27,77843";"94,24216";"1,883448";"61,46921";"25,23611"
"20/01/2025";"-43,22135";"-42,56583";"3,572376";"-1,249001";"-27,31203";"2,673476";"-2,26549";"-1,367439";"-1,92645";"-187,1214";"1,208559";"0,025263";"0,604269";"-304,852";"44,19941";"95,23257";"0,877635";"13,83909";"19,2777";"8,811297";"119,1889";"0,3880546";"-180,2237";"26,51188";"27,53196";"27,02192";"109,9493";"44,19941";"161,6097";"25,78403"
"21/01/2025";"-40,07312";"-37,01916";"2,869272";"-1,889404";"-28,64468";"-2,068091";"-4,621766";"-1,085157";"-0,036424";"-194,03";"1,056986";"-0,077779";"-0,447546";"-292,4273";"44,19941";"95,23257";"0,877635";"13,83909";"19,16164";"9,366793";"123,1731";"0,540126";"-184,7941";"26,47848";"27,5568";"27,01764";"109,9493";"44,19941";"155,261";"26,04097"
"22/01/2025";"-20,4535";"-9,671728";"1,296474";"-4,582528";"-33,96175";"-15,03766";"-6,646968";"-0,450732";"1,57452";"-211,0965";"1,175479";"-0,40541";"-1,192421";"-316,3609";"44,19941";"95,23257";"0,877635";"13,83909";"19,03957";"8,892757";"116,7309";"0,683786";"-200,069";"26,85336";"28,16748";"27,51042";"109,9493";"44,19941";"167,9247";"26,20694"
"23/01/2025";"-29,36688";"2,406037";"4,033898";"-3,30759";"-40,02792";"-11,4911";"-3,889682";"-0,695236";"-3,461467";"-235,4074";"1,693233";"-0,003624";"1,948635";"-372,6458";"44,19941";"95,23257";"0,877635";"13,83909";"18,92547";"9,916057";"129,7524";"0,8805619";"-221,5297";"27,27008";"28,91602";"28,09305";"109,9493";"44,19941";"197,8048";"26,43576"
"24/01/2025";"-26,12559";"1,990532";"4,460354";"-3,840083";"-41,12661";"-7,16949";"-3,063556";"-0,555635";"0,025232";"-243,4377";"1,52954";"-0,828905";"-0,492137";"-392,2966";"44,19941";"95,23257";"0,877635";"13,83909";"18,73095";"9,805082";"128,1959";"1,013574";"-226,865";"27,44076";"29,13828";"28,28952";"109,9493";"44,19941";"208,2116";"27,02569"
"25/01/2025";"-29,44999";"8,153757";"5,01439";"-3,926293";"-42,02612";"-4,754371";"-2,635351";"-0,497368";"1,757051";"-242,6661";"1,248476";"-0,905867";"-2,818814";"-376,9614";"43,48851";"95,17348";"0,877635";"13,83909";"18,47922";"9,758157";"126,6896";"0,7627482";"-228,7742";"27,62699";"29,34677";"28,48688";"109,8902";"43,48851";"200,0991";"26,52569"
"26/01/2025";"-40,44352";"-1,867835";"6,792225";"-7,941236";"-49,10876";"-15,47078";"-5,470813";"-0,935997";"-0,8552";"-108,2512";"0,5468721";"-2,438497";"-5,373316";"-117,4353";"1,883448";"94,24216";"0";"0";"0,4162353";"9,9029";"128,7476";"0,0360843";"-108,3947";"29,46582";"30,07211";"29,76896";"94,24216";"1,883448";"65,24184";"26,61319"
"27/01/2025";"-29,49528";"16,56324";"7,51015";"-3,628082";"-44,91754";"3,144185";"-0,947777";"-0,464954";"0,434055";"-259,804";"1,459696";"-1,734938";"-2,871454";"-405,1278";"44,19941";"95,23257";"0,877635";"13,83909";"18,48152";"9,570077";"123,8261";"0,9771033";"-243,7849";"28,03582";"29,97172";"29,00377";"109,9493";"44,19941";"215,1814";"27,03229"
"28/01/2025";"-23,11417";"11,2891";"6,395061";"-4,307498";"-43,29759";"1,32876";"-0,825372";"-0,491792";"1,389653";"-255,0441";"1,372258";"-0,65542";"-0,135589";"-399,0232";"44,19941";"95,23257";"0,877635";"13,83909";"18,57315";"8,620374";"116,8894";"0,9737502";"-238,8504";"27,99325";"29,77499";"28,88412";"109,9493";"44,19941";"211,8081";"27,48646"
"29/01/2025";"-32,60218";"3,234815";"6,749032";"-1,28383";"-38,93419";"9,827276";"1,178075";"-0,736798";"2,936649";"-238,7178";"1,009018";"-0,27244";"-0,697053";"-387,1507";"44,19941";"95,23257";"0,877635";"13,83909";"18,5936";"8,00479";"103,6642";"0,489903";"-228,2196";"27,78821";"29,40686";"28,59753";"109,9493";"44,19941";"205,9264";"26,8809"
"30/01/2025";"-25,01811";"-16,93149";"4,654623";"-2,08009";"-32,76458";"8,683891";"-0,204436";"-0,637834";"3,743831";"-219,6885";"1,001036";"-0,246874";"-0,548213";"-369,5038";"44,19941";"95,23257";"0,877635";"13,83909";"18,82567";"6,940789";"92,02073";"0,8994526";"-204,147";"27,34014";"28,64229";"27,99121";"109,9493";"44,19941";"196,5955";"26,95938"
"31/01/2025";"-38,48445";"-21,61159";"5,057644";"-1,0067";"-32,20292";"7,775224";"-0,990521";"-1,028284";"1,875063";"-218,1634";"1,0912";"-0,253493";"-0,641183";"-368,0411";"44,19941";"95,23257";"0,877635";"13,83909";"18,866";"8,363893";"110,4819";"0,7646616";"-205,1133";"26,97439";"28,30486";"27,63962";"109,9493";"44,19941";"195,6838";"26,36597"
"01/02/2025";"-19,50103";"-21,45659";"1,870231";"-2,898692";"-26,2258";"-0,694901";"-3,125857";"-0,65222";"2,007202";"-214,6292";"1,698551";"0,091952";"1,702334";"-343,0675";"43,48851";"95,17348";"0,877635";"13,83909";"18,88813";"6,928449";"98,60928";"0,942534";"-200,0949";"26,78767";"28,0643";"27,42599";"109,8902";"43,48851";"182,2536";"26,5691"
"02/02/2025";"-29,2185";"-11,05154";"3,011734";"-4,2149";"-32,8242";"-12,14109";"-4,603892";"-0,826939";"-1,352444";"-104,278";"0,8549126";"-1,70596";"-4,43153";"-115,5013";"1,883448";"94,24216";"0";"0";"0,492197";"7,506333";"103,6542";"0,1372723";"-104,3139";"28,22859";"28,78609";"28,50734";"94,24216";"1,883448";"64,16737";"26,72083"
"03/02/2025";"-21,62668";"1,471531";"3,360899";"-2,101404";"-32,14643";"-2,467009";"-1,592993";"-0,54131";"0,510293";"-235,1908";"1,426135";"-0,520925";"0,071329";"-394,3919";"44,19941";"95,23257";"0,877635";"13,83909";"18,80537";"7,35533";"99,10081";"1,086736";"-217,443";"27,36536";"28,92763";"28,14649";"109,9493";"44,19941";"209,6559";"26,87014"
"04/02/2025";"-25,65425";"1,929389";"3,41084";"-1,627236";"-31,37628";"0,501717";"-1,042679";"-0,636526";"1,877488";"-223,2185";"1,123997";"-0,645494";"-1,80853";"-347,6383";"44,19941";"95,23257";"0,877635";"13,83909";"18,83172";"7,087446";"93,93722";"0,5373912";"-212,474";"27,38536";"28,87456";"28,12996";"109,9493";"44,19941";"184,8237";"26,18819"
"05/02/2025";"-22,97376";"-2,725057";"3,154965";"-0,912831";"-28,80196";"3,421654";"-0,135501";"-0,669932";"-0,376958";"-217,4233";"1,517555";"-0,566985";"-1,075972";"-347,9001";"44,19941";"95,23257";"0,877635";"13,83909";"18,94776";"6,357144";"85,35416";"0,5430001";"-206,5346";"27,19079";"28,6687";"27,92975";"109,9493";"44,19941";"185,3152";"26,39063"
"06/02/2025";"-23,3428";"-0,016966";"2,982439";"-3,161061";"-34,03429";"-6,308698";"-2,343482";"-0,527209";"-0,785811";"-237,6033";"1,703758";"-0,473469";"0,540983";"-377,1703";"44,19941";"95,23257";"0,877635";"13,83909";"18,84577";"8,533272";"115,2798";"0,9311343";"-221,7941";"27,24432";"28,90121";"28,07277";"109,9493";"44,19941";"200,4269";"26,85938"
"07/02/2025";"-29,36083";"-3,835728";"3,840849";"-1,999844";"-34,54009";"-1,305151";"-1,606743";"-0,726634";"-3,396037";"-237,3315";"2,133079";"-0,921007";"0,163763";"-376,5148";"44,19941";"95,23257";"0,877635";"13,83909";"18,92913";"9,382539";"122,9757";"0,6977739";"-224,8049";"27,18397";"28,95107";"28,06752";"109,9493";"44,19941";"199,7734";"26,48924"
"08/02/2025";"-25,28381";"-5,88226";"3,482436";"-2,495142";"-34,86284";"-2,250979";"-2,082017";"-0,651216";"-1,311723";"-249,4413";"2,219951";"0,669591";"5,257148";"-394,1944";"43,48851";"95,17348";"0,877635";"13,83909";"18,67157";"9,399558";"122,8605";"1,037725";"-232,2945";"27,21911";"28,95793";"28,08852";"109,8902";"43,48851";"209,3764";"27,02743"
"09/02/2025";"-40,19238";"-15,62598";"4,676889";"-4,809119";"-40,0902";"-9,795339";"-4,267584";"-1,218482";"-3,625057";"-106,1812";"1,458776";"-3,5225";"-7,399987";"-117,8053";"1,883448";"94,24216";"0";"0";"0,465311";"9,795635";"128,8709";"0,101683";"-106,2478";"28,64728";"29,3642";"29,00574";"94,24216";"1,883448";"65,4474";"26,6375"
"10/02/2025";"-28,14006";"2,096255";"4,653512";"-2,536466";"-36,38456";"0,763545";"-2,040554";"-0,579853";"-1,319977";"-244,9776";"1,673151";"-1,212675";"-1,308987";"-379,2501";"44,19941";"95,23257";"0,877635";"13,83909";"18,73142";"9,100845";"120,9978";"0,828142";"-230,0768";"27,49034";"29,28666";"28,3885";"109,9493";"44,19941";"201,3886";"26,85139"
"11/02/2025";"-25,61991";"-0,840322";"4,295635";"-2,406398";"-35,46537";"0,708412";"-1,047326";"-0,624848";"-0,599921";"-249,6651";"2,014793";"-0,093144";"2,901429";"-390,6339";"44,19941";"95,23257";"0,877635";"13,83909";"18,81316";"8,711073";"117,1653";"0,9970852";"-232,8849";"27,41738";"29,18037";"28,29888";"109,9493";"44,19941";"207,633";"27,11667"
"12/02/2025";"-22,21603";"2,784726";"3,909288";"-1,665136";"-31,95764";"2,816339";"-0,494312";"-0,522434";"1,829999";"-238,4348";"1,55248";"-0,82531";"-0,904705";"-417,1291";"44,19941";"95,23257";"0,877635";"13,83909";"18,72731";"7,094632";"94,70288";"0,9533924";"-222,041";"27,36356";"29,00004";"28,1818";"109,9493";"44,19941";"221,8795";"26,86458"
"13/02/2025";"-26,54823";"-5,564033";"3,503977";"-1,553314";"-28,4017";"4,839209";"0,084039";"-0,691815";"-1,527001";"-210,0874";"1,504299";"-0,625272";"-1,783127";"-328,9623";"44,19941";"95,23257";"0,877635";"13,83909";"19,04966";"6,453874";"89,62554";"0,3221471";"-203,889";"27,16497";"28,60772";"27,88635";"109,9493";"44,19941";"174,7589";"26,07118"
"14/02/2025";"-29,95809";"-8,046268";"2,953397";"-2,472734";"-31,83888";"-2,161585";"-1,666956";"-0,773917";"-1,822366";"-210,2162";"1,536791";"-0,691765";"-1,763942";"-335,3092";"44,19941";"95,17348";"0,877635";"13,83909";"18,87422";"8,173048";"111,901";"0,2310107";"-206,897";"27,17776";"28,66015";"27,91896";"109,8902";"44,19941";"177,7348";"25,95833"
"15/02/2025";"-25,36943";"0,028224";"3,061254";"-2,830431";"-34,51981";"-5,88675";"-2,219312";"-0,602599";"-1,105095";"-233,0102";"1,633308";"-0,13928";"0,558478";"-355,6633";"43,48851";"95,17348";"0,877635";"13,83909";"18,71832";"8,74389";"116,5117";"0,6154801";"-220,995";"27,32332";"28,95233";"28,13783";"109,8902";"43,48851";"188,7578";"26,62604"
"16/02/2025";"-29,74467";"-5,543118";"4,113177";"-2,946553";"-32,18082";"-2,640053";"-1,984121";"-0,880216";"-1,284664";"-105,5161";"0,8593766";"-1,958703";"-4,986571";"-115,5843";"1,883448";"94,24216";"0";"0";"0,4798918";"6,439796";"84,38827";"0,06398828";"-105,5943";"28,47641";"29,06423";"28,77032";"94,24216";"1,883448";"64,21351";"26,67639"
"17/02/2025";"-20,24712";"-0,473695";"3,650957";"-1,57536";"-29,09695";"3,908903";"-0,384612";"-0,544732";"-1,586855";"-225,2524";"1,64909";"-0,061913";"1,218988";"-364,4523";"44,19941";"95,17348";"0,877635";"13,83909";"18,73864";"5,941525";"84,21793";"0,7843677";"-211,3022";"27,28781";"28,78757";"28,03769";"109,8902";"44,19941";"193,8865";"26,8559"
"18/02/2025";"-18,25564";"1,512566";"3,122361";"-2,78086";"-31,30609";"-3,399664";"-1,686358";"-0,395167";"-0,625846";"-238,6905";"1,816047";"0,477248";"3,117429";"-392,8531";"44,19941";"95,17348";"0,877635";"13,83909";"18,60114";"6,757932";"98,30733";"1,061603";"-220,6138";"27,2945";"28,84903";"28,07177";"109,8902";"44,19941";"208,6915";"27,23195"
"19/02/2025";"-27,75381";"-4,449546";"3,5482";"-2,748662";"-34,71535";"-2,944015";"-1,606596";"-0,673449";"-1,663007";"-237,3658";"2,090431";"0,056333";"0,985231";"-413,4205";"44,19941";"95,17348";"0,877635";"13,83909";"18,52107";"8,93644";"121,0436";"0,7544593";"-222,9105";"27,26035";"28,93268";"28,09651";"109,8902";"44,19941";"219,1965";"26,64514"
"20/02/2025";"-34,32969";"-0,256734";"4,06903";"-2,48229";"-33,98113";"-1,407923";"-1,342579";"-0,708399";"-1,671678";"-221,6884";"1,607708";"-1,785725";"-5,217019";"-345,3704";"44,19941";"95,17348";"0,877635";"13,83909";"18,68988";"8,98438";"121,4937";"0,3723771";"-216,5777";"27,2346";"28,93014";"28,08237";"109,8902";"44,19941";"183,2003";"25,62014"
"21/02/2025";"-26,5961";"3,523747";"3,89972";"-3,903239";"-36,66359";"-6,527306";"-2,211789";"-0,379319";"1,035897";"-245,0747";"1,57067";"-1,213494";"-2,206669";"-382,0157";"44,19941";"95,23257";"0,877635";"13,83909";"18,68382";"9,33182";"124,2178";"1,087547";"-227,9318";"27,41962";"29,16574";"28,29268";"109,9493";"44,19941";"203,1846";"26,73889"
"22/02/2025";"-25,15183";"4,529585";"4,470157";"-2,994455";"-33,07094";"-0,71409";"-0,777462";"-0,463737";"-1,758758";"-238,5353";"1,722822";"-1,271304";"-1,522508";"-394,2097";"43,48851";"95,17348";"0,877635";"13,83909";"18,65848";"7,590498";"108,7085";"1,027855";"-221,8513";"27,42814";"29,13072";"28,27943";"109,8902";"43,48851";"209,217";"26,74167"
"23/02/2025";"-40,28148";"-8,671891";"5,663337";"-4,861692";"-36,0785";"-5,535514";"-2,368409";"-1,10558";"-2,159048";"-106,917";"1,228119";"-3,325968";"-7,289119";"-118,2837";"1,883448";"94,24216";"0";"0";"0,4566004";"7,984125";"113,0822";"0,08855154";"-107,108";"28,62919";"29,31933";"28,97426";"94,24216";"1,883448";"65,71317";"26,0309"
"24/02/2025";"-27,04896";"4,771394";"4,50132";"-3,330542";"-36,109";"-0,785898";"-1,808708";"-0,464218";"0,403309";"-243,0973";"1,490472";"-1,240859";"-2,089479";"-377,8228";"44,19941";"95,23257";"0,877635";"13,83909";"18,71262";"8,714041";"117,4849";"0,8844532";"-228,7086";"27,56816";"29,31304";"28,4406";"109,9493";"44,19941";"200,6918";"26,61319"
"25/02/2025";"-28,88272";"5,80335";"5,096078";"-2,606536";"-36,97624";"0,574507";"-0,920521";"-0,615176";"-2,752871";"-250,9982";"1,869539";"-0,649722";"0,554972";"-391,6299";"44,19941";"95,23257";"0,877635";"13,83909";"18,75722";"9,062385";"120,9764";"0,8726341";"-235,6554";"27,523";"29,36408";"28,44354";"109,9493";"44,19941";"207,8727";"26,75"
"26/02/2025";"-19,34223";"3,786434";"3,858515";"-2,586798";"-33,99993";"0,54148";"-0,916419";"-0,392214";"1,106005";"-251,697";"1,620041";"-0,295415";"1,398327";"-414,1547";"44,19941";"95,23257";"0,877635";"13,83909";"18,71546";"7,641965";"102,0593";"1,41333";"-229,8256";"27,49393";"29,19025";"28,34209";"109,9493";"44,19941";"220,1434";"27,45243"
"27/02/2025";"-20,43786";"8,283591";"3,769192";"-3,077222";"-37,89786";"-3,752759";"-1,731658";"-0,373247";"1,873901";"-256,2559";"1,692084";"0,301742";"2,112819";"-447,0786";"44,19941";"95,23257";"0,877635";"13,83909";"18,16964";"8,386802";"112,3005";"1,218745";"-235,7989";"27,68891";"29,42083";"28,55487";"109,9493";"44,19941";"237,4659";"27,48333"
"28/02/2025";"-25,44964";"8,579341";"4,270461";"-3,419806";"-36,77216";"-2,301389";"-1,134875";"-0,458341";"1,351854";"-244,5764";"1,42281";"-1,079133";"-2,571535";"-384,2793";"44,19941";"95,23257";"0,877635";"13,83909";"18,63575";"8,299444";"115,4289";"0,7540195";"-230,0136";"27,68589";"29,43624";"28,56106";"109,9493";"44,19941";"204,3518";"26,8618"
"01/03/2025";"-22,9204";"11,93226";"4,3638";"-3,495825";"-35,79187";"-4,193509";"-1,455866";"-0,420231";"6,145143";"-264,5266";"1,336102";"-0,625547";"-1,57038";"-424,4868";"43,48851";"95,17348";"0,877635";"13,83909";"18,27189";"8,906897";"119,1958";"1,181903";"-244,966";"27,89553";"29,73503";"28,81528";"109,8902";"43,48851";"225,6124";"27,43333"
"02/03/2025";"-32,87197";"-2,426797";"4,971378";"-6,436139";"-40,1773";"-12,9586";"-3,848184";"-0,935888";"0,453331";"-109,5466";"0,3693192";"-0,757466";"-3,548822";"-120,024";"1,883448";"94,24216";"0";"0";"0,3952319";"7,749401";"106,9969";"0,1299672";"-109,5968";"29,80586";"30,31523";"30,06055";"94,24216";"1,883448";"66,67999";"27,74722"
"03/03/2025";"-32,62568";"7,748603";"6,750607";"-1,40526";"-33,81216";"10,31231";"1,460511";"-0,605356";"1,621747";"-257,1175";"1,469933";"-1,060938";"-3,445001";"-406,189";"44,19941";"95,23257";"0,877635";"13,83909";"18,53381";"8,319334";"114,1578";"0,5662384";"-244,6919";"28,03384";"29,96144";"28,99764";"109,9493";"44,19941";"215,9213";"27,04028"
"04/03/2025";"-25,43477";"-1,124106";"4,266319";"-1,861213";"-28,0861";"9,112348";"0,456048";"-0,564716";"0,350842";"-229,8884";"1,432714";"-1,087002";"-2,952616";"-373,0894";"44,19941";"95,23257";"0,877635";"13,83909";"18,74328";"6,95955";"94,29179";"0,3668751";"-220,8622";"27,6107";"29,26626";"28,43848";"109,9493";"44,19941";"198,4819";"26,61979"
"05/03/2025";"-18,83868";"20,17936";"3,042565";"-5,106024";"-34,65591";"-10,44283";"-3,448724";"0,268858";"4,301911";"-255,1466";"1,209501";"-0,550435";"-1,53251";"-401,9819";"44,19941";"95,23257";"0,877635";"13,83909";"18,56373";"8,076125";"112,2997";"0,8993394";"-238,4246";"27,97899";"29,72485";"28,85192";"109,9493";"44,19941";"213,4884";"27,5309"
"06/03/2025";"-27,53794";"16,11729";"5,564734";"-2,665967";"-34,2447";"0,18856";"0,44777";"-0,514234";"0,514353";"-256,8293";"1,360272";"-0,487744";"-0,424075";"-406,5183";"44,19941";"95,23257";"0,877635";"13,83909";"18,5251";"7,85052";"111,1695";"0,7223315";"-242,3771";"28,1039";"29,93756";"29,02073";"109,9493";"44,19941";"216,0698";"27,33125"
"07/03/2025";"-28,48267";"-3,3611";"4,755621";"-1,47218";"-28,17428";"9,16149";"-0,318558";"-0,543395";"1,412601";"-218,7836";"1,189953";"-0,425096";"-2,102557";"-362,7296";"44,19941";"95,23257";"0,877635";"13,83909";"18,7726";"6,731151";"93,43588";"0,02135795";"-216,5424";"27,82598";"29,33453";"28,58026";"109,9493";"44,19941";"192,6525";"26,43438"
"08/03/2025";"-21,18107";"4,432271";"3,6011";"-3,588111";"-31,44329";"-2,324045";"-3,027746";"-0,293319";"4,510936";"-246,5398";"1,200757";"-0,512703";"-1,403519";"-405,6375";"43,48851";"95,17348";"0,877635";"13,83909";"18,46202";"7,739451";"109,0248";"0,9739487";"-230,1277";"27,77716";"29,42256";"28,59986";"109,8902";"43,48851";"215,5309";"27,57639"
"09/03/2025";"-34,55928";"-2,3979";"4,7313";"-5,997548";"-37,83496";"-12,02999";"-4,051762";"-0,870389";"-0,289028";"-108,4408";"0,4731832";"-1,373881";"-5,234431";"-118,6953";"1,883448";"94,24216";"0";"0";"0,4421492";"7,781117";"106,9599";"0,0275382";"-108,652";"29,46945";"30,03164";"29,75055";"94,24216";"1,883448";"65,94185";"27,07049"
"10/03/2025";"-24,46093";"19,70396";"5,063107";"-2,758483";"-33,24261";"3,443339";"0,53474";"-0,243864";"2,163387";"-250,2133";"1,373066";"-0,915488";"-3,046876";"-416,5749";"44,19941";"95,23257";"0,877635";"13,83909";"18,56755";"7,200278";"98,64287";"0,4844154";"-238,6378";"28,07256";"29,90046";"28,98651";"109,9493";"44,19941";"221,3742";"26,99375"
"11/03/2025";"-18,81034";"15,44313";"4,772456";"-3,454205";"-34,33397";"-1,144493";"0,402954";"-0,328178";"4,655643";"-263,4231";"1,306173";"-0,349049";"-0,113759";"-426,2633";"44,19941";"95,23257";"0,877635";"13,83909";"18,50459";"7,312447";"103,1236";"1,130355";"-243,3133";"28,1775";"29,96135";"29,06943";"109,9493";"44,19941";"226,6236";"28,09583"
"12/03/2025";"-12,85451";"25,38965";"4,409005";"-4,230709";"-36,60349";"-4,880001";"-1,118453";"0,112032";"6,626353";"-281,5192";"1,263703";"-0,317054";"-0,738461";"-462,0206";"44,19941";"95,23257";"0,877635";"13,83909";"18,28601";"7,36806";"104,1982";"1,797565";"-253,7561";"28,3169";"30,18393";"29,25042";"109,9493";"44,19941";"245,486";"28,8184"
"13/03/2025";"-20,28048";"18,57908";"5,477588";"-3,127616";"-36,77982";"1,116317";"0,933999";"-0,29783";"6,001487";"-279,2737";"1,457724";"-0,409933";"-0,694459";"-452,1642";"44,19941";"95,23257";"0,877635";"13,83909";"18,33306";"7,904712";"109,8514";"1,443174";"-255,2283";"28,29414";"30,21675";"29,25545";"109,9493";"44,19941";"240,5032";"28,28715"
"14/03/2025";"-22,36661";"15,66481";"5,178121";"-3,107218";"-34,79725";"3,382482";"0,36686";"-0,327286";"3,532122";"-269,3514";"1,387009";"-0,585828";"-0,760505";"-430,5938";"44,19941";"95,23257";"0,877635";"13,83909";"18,44034";"7,688409";"107,6207";"1,245196";"-248,1821";"28,11994";"29,99723";"29,05858";"109,9493";"44,19941";"229,0234";"27,65694"
"15/03/2025";"-27,24697";"12,31354";"4,875708";"-2,895762";"-33,78159";"3,459278";"0,194549";"-0,491666";"4,124636";"-254,4649";"1,338385";"-1,010261";"-3,025707";"-409,6606";"43,48851";"95,17348";"0,877635";"13,83909";"18,37249";"7,980294";"110,6205";"0,7738267";"-239,88";"27,97557";"29,80908";"28,89232";"109,8902";"43,48851";"217,9471";"26,91493"
"16/03/2025";"-39,64212";"-0,444764";"5,786436";"-6,413843";"-39,82574";"-9,948947";"-3,118001";"-0,932452";"0,605512";"-109,6422";"0,5299014";"-2,061934";"-5,890818";"-120,5649";"1,883448";"94,24216";"0";"0";"0,4044478";"8,083499";"110,8969";"0,007622524";"-109,7759";"29,68089";"30,28975";"29,98532";"94,24216";"1,883448";"66,98048";"26,72535"
"17/03/2025";"-32,09929";"12,73441";"5,977242";"-2,297007";"-33,73734";"8,047608";"1,064668";"-0,587777";"0,635584";"-250,6592";"1,462624";"-1,819408";"-4,225168";"-397,5811";"44,19941";"95,23257";"0,877635";"13,83909";"18,60889";"8,16165";"111,4356";"0,528532";"-240,0506";"27,99345";"29,90618";"28,94981";"109,9493";"44,19941";"211,2697";"26,43507"
"18/03/2025";"-24,97191";"13,70656";"4,370731";"-3,657895";"-31,7502";"1,258848";"-0,226123";"-0,216937";"2,570334";"-245,307";"1,278836";"-0,899497";"-2,76835";"-388,6167";"44,19941";"95,23257";"0,877635";"13,83909";"18,62562";"7,156065";"102,2305";"0,6244252";"-232,3297";"27,92404";"29,65064";"28,78734";"109,9493";"44,19941";"206,4007";"26,72812"
"19/03/2025";"-29,79055";"19,78844";"4,839727";"-2,212736";"-31,27323";"3,639443";"0,630546";"-0,358577";"1,330736";"-235,4152";"1,365993";"-1,451174";"-4,472931";"-369,1352";"44,19941";"95,23257";"0,877635";"13,83909";"18,68378";"7,155575";"96,71024";"0,158583";"-231,372";"27,86692";"29,65057";"28,75875";"109,9493";"44,19941";"196,1831";"25,88681"
"20/03/2025";"-23,42348";"16,18494";"4,216489";"-4,008481";"-32,52205";"-2,733367";"-0,221456";"-0,167972";"2,972035";"-250,7137";"1,27549";"-1,17053";"-2,766096";"-393,0517";"44,19941";"95,23257";"0,877635";"13,83909";"18,60498";"7,523853";"105,2733";"0,8903458";"-234,9305";"27,88775";"29,66056";"28,77415";"109,9493";"44,19941";"208,8712";"26,87917"
"21/03/2025";"-33,78801";"13,20763";"4,665188";"-2,452553";"-32,43671";"2,371019";"0,923354";"-0,645845";"-0,155569";"-229,6479";"1,312472";"-1,40592";"-4,395202";"-370,9437";"44,19941";"95,17348";"0,877635";"13,83909";"18,58953";"7,926488";"108,9669";"0,1931486";"-228,7096";"27,8719";"29,63215";"28,75203";"109,8902";"44,19941";"196,8706";"25,74792"
"22/03/2025";"-24,12051";"17,2922";"3,977323";"-3,291898";"-32,43699";"-1,902505";"0,140976";"-0,17757";"3,886086";"-250,0854";"1,205359";"-0,893016";"-2,70725";"-381,4363";"43,48851";"95,17348";"0,877635";"13,83909";"18,44754";"7,287757";"102,5593";"0,8197572";"-234,4825";"27,92621";"29,65469";"28,79045";"109,8902";"43,48851";"202,7906";"27,03924"
"23/03/2025";"-33,65804";"5,422908";"4,937913";"-6,698865";"-39,40147";"-13,70357";"-2,949095";"-0,557755";"1,365978";"-110,2519";"0,4313345";"-1,556142";"-4,374321";"-121,3815";"1,883448";"94,24216";"0";"0";"0,4007172";"7,231609";"101,2968";"0,07615491";"-110,3119";"29,77837";"30,30147";"30,03992";"94,24216";"1,883448";"67,43417";"27,44375"
"24/03/2025";"-27,83158";"18,2604";"5,611502";"-2,724805";"-34,8742";"6,319266";"1,429293";"-0,352864";"2,182296";"-259,0066";"1,341681";"-1,323216";"-3,054514";"-397,056";"44,19941";"95,17348";"0,877635";"13,83909";"18,32599";"7,639435";"106,035";"0,7721372";"-243,2553";"28,16352";"30,04253";"29,10302";"109,8902";"44,19941";"211,4986";"27,13785"
"25/03/2025";"-26,41878";"17,51031";"4,756985";"-2,684371";"-33,94272";"3,730593";"0,749672";"-0,362374";"4,957995";"-257,7021";"1,166584";"-0,886738";"-2,215382";"-414,843";"44,19941";"95,17348";"0,877635";"13,83909";"18,36159";"7,492816";"103,6297";"0,7526644";"-241,9354";"28,06835";"29,86421";"28,96628";"109,8902";"44,19941";"220,5615";"27,075"
"26/03/2025";"-22,71687";"14,94559";"4,050961";"-2,805423";"-31,5679";"2,782707";"0,315699";"-0,273245";"5,162685";"-249,962";"1,103492";"-0,759394";"-1,852502";"-397,4226";"44,19941";"95,17348";"0,877635";"13,83909";"18,38781";"6,58217";"93,93866";"0,8276669";"-233,4595";"27,98384";"29,64906";"28,81645";"109,8902";"44,19941";"211,3705";"27,15174"
"27/03/2025";"-23,58789";"22,05092";"3,7242";"-3,195393";"-33,32886";"-1,20155";"-0,333663";"-0,06333";"3,390532";"-248,1447";"1,304279";"-1,349116";"-3,214809";"-402,0739";"44,19941";"95,17348";"0,877635";"13,83909";"18,42281";"7,221503";"100,2404";"0,5554388";"-235,8006";"27,98928";"29,75554";"28,87241";"109,8902";"44,19941";"213,7392";"26,89618"
"28/03/2025";"-24,69567";"22,55885";"4,268734";"-3,365193";"-31,77307";"0,210589";"1,046812";"-0,232746";"3,161836";"-242,262";"1,312537";"-1,509659";"-4,199862";"-382,5613";"44,19941";"95,17348";"0,877635";"13,83909";"18,47185";"6,479424";"93,01588";"0,6019382";"-230,4844";"27,99006";"29,69863";"28,84434";"109,8902";"44,19941";"203,3245";"26,57083"
"29/03/2025";"-28,34882";"19,81686";"4,524353";"-2,442321";"-32,26133";"3,119522";"0,985937";"-0,454434";"1,105767";"-234,4239";"1,300362";"-1,034832";"-3,18911";"-379,6462";"43,48851";"95,17348";"0,877635";"13,83909";"18,5382";"6,900123";"96,94669";"0,12585";"-230,8897";"27,99996";"29,7076";"28,85378";"109,8902";"43,48851";"201,7229";"26,36493"
"30/03/2025";"-34,85824";"-5,97805";"5,400057";"-4,93017";"-35,2744";"-4,392968";"-1,613324";"-0,938303";"-0,047235";"-109,04";"0,7138001";"-1,993668";"-4,905166";"-121,0026";"1,883448";"94,24216";"0";"0";"0,4171228";"6,99143";"98,06896";"0,03477188";"-109,1764";"29,34459";"29,9219";"29,63324";"94,24216";"1,883448";"67,22367";"27,16146"
"31/03/2025";"-22,57173";"19,42898";"4,435173";"-2,54959";"-32,26574";"3,530984";"-0,117645";"-0,032178";"2,083509";"-253,9247";"1,40637";"-0,978055";"-2,069686";"-415,6033";"44,19941";"95,17348";"0,877635";"13,83909";"18,3656";"6,868291";"95,53159";"0,8003523";"-237,7395";"27,93261";"29,72749";"28,83005";"109,8902";"44,19941";"221,1813";"27,40833"
"01/04/2025";"-20,9515";"4,732941";"3,792939";"-2,160632";"-27,51596";"3,687424";"0,911868";"-0,410807";"0,130995";"-260,7016";"1,473365";"0,592971";"3,43997";"-416,7157";"44,19941";"95,17348";"0,877635";"13,83909";"18,48289";"7,241267";"100,6958";"1,174261";"-240,3738";"27,76468";"29,53797";"28,65133";"109,8902";"44,19941";"221,6161";"27,56979"
"02/04/2025";"-28,41677";"-12,12121";"4,053695";"-0,448461";"-22,56119";"10,59268";"1,083463";"-0,705395";"-0,785809";"-236,9611";"1,521988";"-0,480803";"-0,126149";"-412,9812";"44,19941";"95,17348";"0,877635";"13,83909";"18,57409";"7,083753";"99,50623";"0,6699324";"-223,0234";"27,44172";"29,09962";"28,27066";"109,8902";"44,19941";"219,478";"27,09236"
"03/04/2025";"-23,35199";"-11,6807";"1,695289";"-1,444236";"-20,31145";"3,492286";"-1,113484";"-0,552425";"-0,956479";"-209,9064";"1,499433";"-0,863463";"-1,874821";"-375,0513";"44,19941";"95,17348";"0,877635";"13,83909";"18,81106";"6,474877";"88,8344";"0,2031305";"-203,5395";"27,21861";"28,66218";"27,9404";"109,8902";"44,19941";"199,2701";"26,58993"
"04/04/2025";"-21,39178";"3,498413";"1,770868";"-1,418765";"-23,00533";"-3,597516";"-1,680466";"-0,440748";"-0,651688";"-231,5826";"1,718927";"-0,719276";"-0,595345";"-402,5581";"44,19941";"95,23257";"0,877635";"13,83909";"18,95719";"6,73237";"93,58962";"0,6716057";"-218,6455";"27,31275";"28,93082";"28,12178";"109,9493";"44,19941";"213,734";"26,85451"
"05/04/2025";"-27,71921";"-14,54033";"2,427477";"-0,686853";"-19,93874";"3,495412";"-0,099371";"-0,563838";"0,110319";"-212,3603";"1,280025";"-0,373637";"-1,297556";"-370,8149";"43,48851";"95,17348";"0,877635";"13,83909";"18,79416";"6,581192";"92,12628";"0,3040281";"-204,2836";"27,26732";"28,67151";"27,96941";"109,8902";"43,48851";"196,9951";"26,54236"
"06/04/2025";"-43,30353";"-40,82262";"3,459677";"-0,808341";"-16,67835";"7,951709";"-0,375545";"-1,230475";"0,052522";"-102,6618";"0,6821246";"-0,367095";"-0,906629";"-114,1271";"1,883448";"94,24216";"0";"0";"0,5417866";"6,722338";"95,77454";"0,1025465";"-102,6784";"27,78733";"28,18183";"27,98458";"94,24216";"1,883448";"63,40393";"27,1691"
"07/04/2025";"-16,51425";"-2,24468";"-0,369561";"-3,603726";"-23,07899";"-13,3107";"-5,604484";"-0,043047";"2,359312";"-225,9643";"1,238037";"-0,374501";"-1,18197";"-375,3315";"44,19941";"95,23257";"0,877635";"13,83909";"18,95961";"7,400991";"103,5502";"0,8261389";"-211,0285";"27,22005";"28,6741";"27,94707";"109,9493";"44,19941";"199,6362";"27,06736"
"08/04/2025";"-19,21009";"15,70831";"1,904398";"-2,058004";"-26,77673";"-9,492639";"-1,764231";"-0,1754";"1,976518";"-248,3149";"1,341806";"-0,331574";"0,454922";"-406,042";"44,19941";"95,23257";"0,877635";"13,83909";"18,77392";"7,050618";"97,11739";"1,012401";"-230,3756";"27,70098";"29,38116";"28,54107";"109,9493";"44,19941";"215,8624";"27,37257"
"09/04/2025";"-23,28307";"15,49262";"2,924074";"-1,380954";"-26,2571";"-1,182983";"0,033746";"-0,306019";"2,37299";"-244,1886";"1,3199";"-1,169638";"-2,798379";"-405,9821";"44,19941";"95,23257";"0,877635";"13,83909";"18,71013";"6,686119";"91,90054";"0,7000499";"-230,1883";"27,73111";"29,46157";"28,59634";"109,9493";"44,19941";"215,8432";"26,87535"
"10/04/2025";"-37,1203";"-24,52609";"4,115596";"1,468522";"-16,45353";"17,47632";"2,853291";"-1,057521";"-1,766314";"-207,6087";"1,529057";"-0,557288";"-0,93334";"-350,4868";"44,19941";"95,23257";"0,877635";"13,83909";"19,07062";"5,825744";"83,66103";"0,2988206";"-199,7258";"27,18163";"28,53337";"27,8575";"109,9493";"44,19941";"186,1934";"26,42569"
"11/04/2025";"-23,15308";"-21,53442";"0,914259";"-0,446799";"-14,53739";"5,094305";"-1,772382";"-0,456231";"-0,343809";"-202,8036";"1,437255";"-0,57503";"-1,541098";"-349,2543";"44,19941";"95,23257";"0,877635";"13,83909";"19,17567";"5,776323";"81,85719";"0,3592313";"-194,4346";"26,77033";"28,06843";"27,41938";"109,9493";"44,19941";"185,698";"26,45729"
"12/04/2025";"-32,4002";"-39,18982";"1,389916";"0,637905";"-12,18435";"7,330521";"-0,627705";"-0,994758";"-2,240816";"-198,6588";"1,661382";"1,01442";"4,365132";"-339,5138";"43,48851";"95,17348";"0,877635";"13,83909";"19,03911";"6,2073";"85,85509";"0,9115046";"-184,0639";"26,65479";"27,70274";"27,17877";"109,8902";"43,48851";"180,505";"27,30313"
"13/04/2025";"-16,91681";"-8,567603";"-1,06457";"-4,537022";"-23,47072";"-20,31247";"-6,988646";"-0,325227";"0,468261";"-102,723";"0,797336";"-0,692239";"-1,652173";"-114,5705";"1,883448";"94,24216";"0";"0";"0,5378476";"6,451588";"88,62973";"0,1694232";"-102,7291";"28,16056";"28,57502";"28,36779";"94,24216";"1,883448";"63,65029";"27,575"
"14/04/2025";"-17,40592";"15,49512";"1,574854";"-0,948028";"-24,88713";"-7,327182";"-1,497919";"-0,225236";"-0,799101";"-245,1826";"1,671045";"0,373479";"2,514881";"-417,1211";"44,19941";"95,23257";"0,877635";"13,83909";"18,92962";"6,503392";"88,99065";"0,8177022";"-229,1925";"27,53798";"29,20771";"28,37284";"109,9493";"44,19941";"221,5667";"27,47604"
"15/04/2025";"-27,01561";"-10,80527";"2,924558";"0,509803";"-19,52844";"8,6768";"1,361549";"-0,67578";"-1,912366";"-218,2093";"1,720675";"-0,407478";"-0,510678";"-390,2969";"44,19941";"95,23257";"0,877635";"13,83909";"19,03373";"6,144948";"84,60641";"0,3093052";"-209,4839";"27,23178";"28,73597";"27,98387";"109,9493";"44,19941";"207,3478";"26,83646"
"16/04/2025";"-25,70454";"-23,40779";"1,536532";"-0,010227";"-16,70986";"6,456447";"-1,033542";"-0,75447";"-3,303777";"-206,6674";"1,794745";"0,140434";"1,175904";"-369,0557";"44,19941";"95,23257";"0,877635";"13,83909";"19,21642";"6,374954";"87,00388";"0,3488013";"-197,8319";"26,90428";"28,23493";"27,56961";"109,9493";"44,19941";"195,9649";"26,78437"
"17/04/2025";"-28,81379";"-36,19428";"0,906896";"0,553959";"-12,65182";"6,216339";"-2,074547";"-0,888492";"-1,313306";"-194,8413";"1,640646";"0,282676";"1,948973";"-344,6078";"44,19941";"95,23257";"0,877635";"13,83909";"19,28422";"5,996482";"82,70888";"0,7983667";"-182,537";"26,70855";"27,76502";"27,23678";"109,9493";"44,19941";"183,1884";"27,13229"
"18/04/2025";"-8,893272";"2,828885";"-1,382415";"-2,533181";"-18,94363";"-14,38805";"-5,284813";"0,021691";"-0,806337";"-221,0738";"1,710837";"0,674069";"3,11894";"-383,4117";"44,19941";"95,23257";"0,877635";"13,83909";"19,15006";"5,586079";"79,72169";"0,9697886";"-205,1525";"27,01406";"28,35044";"27,68225";"109,9493";"44,19941";"203,7032";"27,48611"
"19/04/2025";"-14,51225";"9,634983";"1,067966";"-0,515795";"-19,82467";"-4,689663";"-1,008354";"-0,246154";"-1,337231";"-230,3264";"1,819573";"0,283346";"3,021914";"-397,6458";"43,48851";"95,17348";"0,877635";"13,83909";"18,82656";"5,01787";"71,36954";"0,8886548";"-214,4174";"27,2561";"28,75738";"28,00674";"109,8902";"43,48851";"211,2305";"27,26493"
"20/04/2025";"-35,29988";"-6,652507";"2,79495";"-1,772291";"-21,6371";"-2,670553";"-0,983413";"-0,72451";"-0,174194";"-105,0893";"0,6673217";"-2,024628";"-6,297368";"-117,4869";"1,883448";"94,24216";"0";"0";"0,5143239";"5,745268";"79,93195";"0";"-105,4182";"28,27282";"28,86328";"28,56805";"94,24216";"1,883448";"65,27051";"25,87778"
"21/04/2025";"-28,69269";"-15,47337";"2,01749";"-0,118605";"-17,3266";"6,590975";"0,814457";"-0,533387";"-0,277452";"-203,2492";"1,390279";"-0,715593";"-3,303092";"-356,267";"44,19941";"95,23257";"0,877635";"13,83909";"19,10959";"6,159688";"84,32481";"0,09084226";"-199,8461";"27,00608";"28,3958";"27,70094";"109,9493";"44,19941";"189,4177";"25,8934"
"22/04/2025";"-36,95821";"-41,16798";"2,020745";"1,192228";"-10,68588";"12,72746";"1,110593";"-1,11261";"-0,660705";"-183,5465";"1,285553";"-0,279525";"-1,214206";"-315,7026";"44,19941";"95,23257";"0,877635";"13,83909";"19,31901";"5,69993";"80,00806";"0,2897656";"-176,6181";"26,6317";"27,64015";"27,13592";"109,9493";"44,19941";"167,7861";"26,11424"
"23/04/2025";"-29,82177";"-42,54084";"0,10081";"0,457695";"-9,715097";"4,287654";"-2,794674";"-0,958452";"-0,887196";"-182,073";"1,302854";"0,167661";"0,494768";"-314,85";"44,19941";"95,23257";"0,877635";"13,83909";"19,39495";"5,942244";"81,5061";"0,5878016";"-171,5863";"26,40065";"27,30776";"26,85421";"109,9493";"44,19941";"167,276";"26,52743"
"24/04/2025";"-32,9059";"-41,75179";"-0,072805";"0,915842";"-9,104424";"1,623673";"-3,33053";"-1,026022";"-1,216424";"-170,2929";"1,318732";"-0,288352";"-1,551561";"-298,5647";"44,19941";"95,23257";"0,877635";"13,83909";"19,48336";"6,161714";"85,73112";"0,1824098";"-168,0392";"26,29148";"27,20068";"26,74608";"109,9493";"44,19941";"158,457";"25,77188"
"25/04/2025";"-16,63316";"-8,699782";"-2,067452";"-1,700757";"-15,31156";"-14,33222";"-5,830837";"-0,310082";"-1,871774";"-201,8103";"1,832396";"-0,222339";"0,180689";"-340,962";"44,19941";"95,23257";"0,877635";"13,83909";"19,3738";"6,287353";"87,05167";"0,4915172";"-191,8528";"26,50758";"27,76862";"27,1381";"109,9493";"44,19941";"181,0643";"26,14583"
"26/04/2025";"-19,31581";"4,417314";"-0,083621";"-0,638055";"-18,5447";"-9,563495";"-2,234956";"-0,383652";"-2,357727";"-218,7107";"2,142384";"-0,061299";"0,667834";"-371,5342";"43,48851";"95,17348";"0,877635";"13,83909";"19,00134";"6,026534";"83,5333";"0,5809397";"-206,757";"26,87328";"28,35992";"27,6166";"109,8902";"43,48851";"197,2127";"26,53021"
"27/04/2025";"-29,91847";"-4,397339";"1,43113";"-2,993228";"-23,67771";"-11,40254";"-2,708768";"-0,687935";"0,184256";"-104,678";"1,054534";"-2,350179";"-6,821966";"-116,6766";"1,883448";"94,24216";"0";"0";"0,5137805";"6,43272";"88,31081";"0,05729782";"-104,7424";"28,23232";"28,82492";"28,52862";"94,24216";"1,883448";"64,82034";"26,47083"
"28/04/2025";"-23,67223";"4,617996";"1,61005";"-0,749024";"-21,4779";"-0,468474";"-0,280023";"-0,424958";"-1,280632";"-226,228";"1,82215";"-1,063454";"-2,023134";"-366,5582";"44,19941";"95,23257";"0,877635";"13,83909";"19,05421";"6,350785";"87,18559";"0,505747";"-214,8716";"27,21843";"28,82767";"28,02305";"109,9493";"44,19941";"194,9089";"26,40243"
"29/04/2025";"-24,27507";"3,276805";"1,528825";"-0,570468";"-20,67726";"0,970142";"0,213429";"-0,461798";"-1,957847";"-218,9956";"1,888654";"-1,566338";"-3,364752";"-365,2054";"44,19941";"95,23257";"0,877635";"13,83909";"19,06112";"6,205429";"85,02187";"0,3216673";"-210,5944";"27,13558";"28,74273";"27,93915";"109,9493";"44,19941";"194,2035";"26,2559"
"30/04/2025";"-22,25753";"1,502837";"1,150869";"-1,003584";"-20,50536";"-0,497671";"-0,136541";"-0,476158";"-2,592345";"-223,1051";"1,990057";"-0,729624";"-0,819292";"-370,0833";"44,19941";"95,23257";"0,877635";"13,83909";"19,12852";"6,226786";"85,49875";"0,6108621";"-211,6073";"27,10493";"28,67401";"27,88947";"109,9493";"44,19941";"196,7066";"26,475"
"01/05/2025";"-23,34145";"3,497119";"1,443806";"-0,724887";"-22,26052";"0,498484";"-0,109024";"-0,464324";"-2,308336";"-208,0494";"1,975727";"-1,168543";"-2,99375";"-339,6112";"44,19941";"95,23257";"0,877635";"13,83909";"19,17242";"5,893536";"80,7282";"0,02117537";"-204,692";"27,18566";"28,66248";"27,92407";"109,9493";"44,19941";"180,452";"26,36944"
"02/05/2025";"-16,98768";"13,87772";"0,961541";"-2,312588";"-25,10673";"-6,318955";"-1,095878";"-0,050194";"1,436427";"-226,4904";"1,500594";"-0,728479";"-2,125912";"-381,0434";"44,19941";"95,23257";"0,877635";"13,83909";"18,94808";"5,978814";"81,93947";"0,5060415";"-215,2677";"27,369";"28,89094";"28,12997";"109,9493";"44,19941";"202,7225";"26,93403"
"03/05/2025";"-19,41451";"14,06802";"2,077896";"-1,490108";"-26,0124";"-1,833897";"0,371184";"-0,2461";"-0,792321";"-235,9226";"1,760068";"-0,268255";"0,089532";"-393,2408";"43,48851";"95,17348";"0,877635";"13,83909";"18,72569";"6,132058";"84,36337";"0,6473422";"-222,6788";"27,45265";"29,0803";"28,26648";"109,8902";"43,48851";"209,2717";"27,08819"
"04/05/2025";"-29,98228";"0,607253";"3,394199";"-3,158439";"-27,72013";"-4,392308";"-1,051405";"-0,673528";"-0,40979";"-106,7038";"1,112508";"-2,601403";"-6,735197";"-119,174";"1,883448";"94,24216";"0";"0";"0,4722601";"5,764361";"79,62068";"0,04848126";"-106,7736";"28,65522";"29,26285";"28,95903";"94,24216";"1,883448";"66,20775";"26,85035"
"05/05/2025";"-17,91925";"3,861715";"2,328817";"-0,806418";"-22,79099";"6,634707";"0,715027";"-0,351257";"-1,31172";"-228,2539";"1,771152";"-0,547697";"0,000491";"-393,8578";"44,19941";"95,23257";"0,877635";"13,83909";"18,99904";"5,275056";"72,33415";"0,6541758";"-214,6385";"27,32131";"28,86913";"28,09522";"109,9493";"44,19941";"209,5044";"27,05417"
"06/05/2025";"-18,30703";"8,487189";"1,69375";"-1,414042";"-23,88113";"-0,178264";"-0,392396";"-0,27518";"-1,067009";"-230,187";"1,773434";"-0,67454";"-0,279975";"-392,0453";"44,19941";"95,23257";"0,877635";"13,83909";"18,99393";"5,844837";"80,43794";"0,6883819";"-216,3867";"27,26064";"28,84386";"28,05225";"109,9493";"44,19941";"208,6078";"26,9934"
"07/05/2025";"-22,41979";"3,681561";"1,942983";"-0,648859";"-21,6802";"3,323393";"0,719912";"-0,443897";"-2,264505";"-213,2461";"1,915488";"-1,140099";"-2,352384";"-363,7459";"44,19941";"95,23257";"0,877635";"13,83909";"19,13813";"5,413432";"75,10567";"0,2455717";"-205,7004";"27,14604";"28,63736";"27,8917";"109,9493";"44,19941";"193,3563";"26,47778"
"08/05/2025";"-18,68793";"4,411671";"1,211672";"-1,184072";"-22,02381";"-0,69274";"-0,228828";"-0,354288";"-1,598091";"-224,1074";"1,875802";"-0,237262";"0,265393";"-388,1128";"44,19941";"95,23257";"0,877635";"13,83909";"19,10986";"5,636896";"77,94555";"0,6452141";"-211,1303";"27,10264";"28,60599";"27,85431";"109,9493";"44,19941";"206,2788";"26,77917"
"09/05/2025";"-19,85284";"5,814541";"1,525098";"-1,078944";"-21,95763";"-0,621956";"-0,270003";"-0,288352";"-1,041629";"-222,3789";"1,7262";"-0,675589";"-1,259559";"-370,614";"44,19941";"95,23257";"0,877635";"13,83909";"19,06563";"5,573312";"77,13496";"0,6022285";"-209,7176";"27,12038";"28,62444";"27,87241";"109,9493";"44,19941";"197,1621";"26,70868"
"10/05/2025";"-23,61467";"1,010945";"1,337181";"-0,535268";"-20,65992";"2,473906";"0,260878";"-0,520795";"-1,943833";"-206,9703";"1,711254";"-1,097146";"-2,999024";"-343,4841";"43,48851";"95,17348";"0,877635";"13,83909";"18,92233";"5,620465";"76,87305";"0,1219362";"-201,3332";"27,0124";"28,46211";"27,73726";"109,8902";"43,48851";"182,5483";"26,11701"
"11/05/2025";"-30,77861";"-2,270878";"1,728942";"-3,070294";"-24,25911";"-7,655304";"-2,128997";"-0,61417";"1,166999";"-105,2216";"0,4471174";"-1,099968";"-4,559583";"-115,5985";"1,883448";"94,24216";"0";"0";"0,5276216";"5,692913";"79,67062";"0";"-105,4468";"28,28242";"28,75379";"28,5181";"94,24216";"1,883448";"64,2214";"26,02188"
"12/05/2025";"-22,42465";"7,115429";"1,691152";"-1,265915";"-23,76179";"-0,486637";"-0,066546";"-0,331552";"0,655426";"-224,6318";"1,485322";"-0,642286";"-1,615251";"-366,6018";"44,19941";"95,23257";"0,877635";"13,83909";"19,01542";"5,979773";"82,02431";"0,5233907";"-213,0266";"27,30282";"28,79959";"28,0512";"109,9493";"44,19941";"195,0048";"26,63646"
"13/05/2025";"-26,69405";"3,724693";"1,945924";"-0,689007";"-23,2189";"2,102859";"0,224982";"-0,485954";"-1,068217";"-214,2312";"1,591149";"-1,236942";"-3,740855";"-350,0683";"44,19941";"95,23257";"0,877635";"13,83909";"19,10024";"6,133693";"83,75288";"0,3397173";"-207,8603";"27,21627";"28,71017";"27,96322";"109,9493";"44,19941";"186,1694";"26,12639"
"14/05/2025";"-21,30635";"-2,293647";"1,686597";"0,146545";"-17,74542";"6,806034";"0,969724";"-0,517155";"-2,663906";"-207,2501";"1,970604";"-0,666547";"-1,224636";"-347,9847";"44,19941";"95,23257";"0,877635";"13,83909";"19,22398";"4,460155";"64,11462";"0,3065717";"-199,0163";"26,9322";"28,32275";"27,62747";"109,9493";"44,19941";"184,9189";"26,24549"
"15/05/2025";"-22,92544";"-4,779761";"0,924669";"-0,297765";"-18,5248";"1,968487";"-0,549547";"-0,542571";"-4,512011";"-212,3495";"2,608414";"-0,459412";"0,203304";"-349,6389";"44,19941";"95,23257";"0,877635";"13,83909";"19,32185";"5,8051";"80,34348";"0,4431994";"-202,9836";"26,67749";"28,16708";"27,42229";"109,9493";"44,19941";"186,0414";"26,19271"
"16/05/2025";"-24,51825";"-7,883857";"0,565035";"-0,032733";"-17,34566";"1,595694";"-0,825776";"-0,654902";"-3,422823";"-200,2419";"2,172816";"-0,471102";"-0,697976";"-325,9664";"44,19941";"95,23257";"0,877635";"13,83909";"19,37207";"5,577205";"76,05599";"0,2517327";"-194,2853";"26,65564";"28,00668";"27,33116";"109,9493";"44,19941";"173,3039";"25,8"
"17/05/2025";"-22,41735";"-4,173157";"0,12902";"-0,423791";"-16,70064";"-1,94448";"-1,968639";"-0,409818";"-1,871";"-199,8338";"1,810612";"-1,043353";"-2,258583";"-317,6571";"43,48851";"95,17348";"0,877635";"13,83909";"19,04424";"5,202256";"74,10974";"0,4010153";"-191,4887";"26,66316";"27,97162";"27,31739";"109,8902";"43,48851";"168,8378";"25,93194"
"18/05/2025";"-32,3932";"-7,761234";"1,658177";"-1,923004";"-19,45199";"-4,409529";"-2,331128";"-0,700902";"-0,535883";"-103,1967";"1,183033";"-3,17934";"-8,557561";"-112,9682";"1,883448";"94,24216";"0";"0";"0,5601639";"6,051033";"83,08885";"0,003825784";"-103,3124";"27,53401";"28,1771";"27,85556";"94,24216";"1,883448";"62,76011";"25,60347"
"19/05/2025";"-25,86183";"-2,199259";"0,967034";"-0,739111";"-18,89702";"-0,769415";"-1,263424";"-0,46035";"-2,00733";"-206,3868";"1,891324";"-1,784822";"-4,419217";"-313,872";"44,19941";"95,23257";"0,877635";"13,83909";"19,23233";"6,123821";"83,26905";"0,4271407";"-198,4758";"26,7077";"28,16753";"27,43762";"109,9493";"44,19941";"167,1512";"25,65833"
"20/05/2025";"-29,38259";"-4,646674";"1,005346";"-0,310331";"-17,54842";"0,935388";"-0,749697";"-0,602127";"-2,581119";"-195,6469";"1,884942";"-1,924733";"-5,533497";"-299,2155";"44,19941";"95,23257";"0,877635";"13,83909";"19,32958";"5,871057";"81,30488";"0,2747392";"-192,0773";"26,64446";"28,04258";"27,34352";"109,9493";"44,19941";"159,2252";"25,15174"
"21/05/2025";"-27,36633";"-5,288603";"0,906609";"-0,424114";"-17,49936";"0,060139";"-1,088549";"-0,562915";"-3,148797";"-201,4861";"2,079488";"-1,807524";"-4,651382";"-320,3022";"44,19941";"95,23257";"0,877635";"13,83909";"19,31713";"6,033554";"83,34729";"0,2867292";"-194,7636";"26,56302";"27,99539";"27,27921";"109,9493";"44,19941";"170,4879";"25,575"
"22/05/2025";"-30,65042";"-9,155149";"0,7254";"0,155754";"-15,31501";"2,276461";"-0,653959";"-0,694225";"-3,580682";"-185,3866";"2,036977";"-2,244808";"-6,85345";"-283,9432";"44,19941";"95,23257";"0,877635";"13,83909";"19,44264";"5,655303";"78,52872";"0,02772492";"-184,6934";"26,45025";"27,77752";"27,11389";"109,9493";"44,19941";"150,9626";"25,01528"
"23/05/2025";"-26,67616";"-9,224735";"0,028017";"-0,368187";"-14,62472";"-0,664019";"-1,549359";"-0,566874";"-3,381887";"-189,979";"2,112208";"-2,135294";"-5,361876";"-282,4499";"44,19941";"95,23257";"0,877635";"13,83909";"19,42213";"5,573107";"78,2991";"0,2140838";"-185,226";"26,35906";"27,67808";"27,01857";"109,9493";"44,19941";"150,3495";"25,28403"
"24/05/2025";"-26,50446";"-6,428654";"0,362364";"0,116747";"-13,75501";"-0,018092";"-1,175513";"-0,55859";"-3,478587";"-189,9976";"2,262676";"-1,93335";"-4,644383";"-288,1891";"43,48851";"95,17348";"0,877635";"13,83909";"19,19019";"5,018161";"72,16246";"0,2458237";"-184,8341";"26,35755";"27,6538";"27,00568";"109,8902";"43,48851";"153,2797";"25,27847"
"25/05/2025";"-30,14803";"-8,405408";"0,789329";"-1,709307";"-15,38504";"-4,149418";"-2,156525";"-0,654512";"-0,5049";"-102,2908";"1,328354";"-3,421215";"-9,088277";"-111,6962";"1,883448";"94,24216";"0";"0";"0,5831192";"5,60235";"78,0735";"0,01579111";"-102,3711";"27,10932";"27,7455";"27,42741";"94,24216";"1,883448";"62,05346";"25,29167"
"26/05/2025";"-32,15888";"-8,898302";"0,658882";"0,636185";"-14,0701";"2,364503";"-0,608814";"-0,763662";"-3,603152";"-176,6696";"1,943483";"-2,680812";"-8,632855";"-265,6932";"44,19941";"95,23257";"0,877635";"13,83909";"19,48783";"5,372224";"75,17531";"0,07016759";"-179,7095";"26,37483";"27,6546";"27,01471";"109,9493";"44,19941";"141,1953";"24,57326"
"27/05/2025";"-24,60585";"-5,731875";"-0,310882";"-0,779061";"-15,96356";"-4,253837";"-1,957698";"-0,486745";"-2,221988";"-195,5155";"1,966162";"-1,779992";"-4,565071";"-304,8159";"44,19941";"95,23257";"0,877635";"13,83909";"19,37086";"5,749898";"79,64989";"0,325504";"-188,6489";"26,41662";"27,7397";"27,07816";"109,9493";"44,19941";"162,2436";"25,44757"
"28/05/2025";"-27,17941";"-7,095576";"0,160735";"-0,388844";"-16,28617";"-2,143183";"-1,421468";"-0,662572";"-2,661629";"-194,3303";"2,041897";"-1,185053";"-3,386367";"-301,9561";"44,19941";"95,23257";"0,877635";"13,83909";"19,43448";"5,735539";"79,59669";"0,2269019";"-189,009";"26,50648";"27,8112";"27,15884";"109,9493";"44,19941";"160,6777";"25,3184"
"29/05/2025";"-27,35441";"-4,468599";"0,291087";"-0,640384";"-17,60453";"-3,236508";"-2,047308";"-0,569939";"-1,440255";"-197,5279";"1,687532";"-1,348917";"-4,157535";"-305,4133";"44,19941";"95,23257";"0,877635";"13,83909";"19,34212";"5,945638";"82,34177";"0,2756351";"-191,6722";"26,60432";"27,93153";"27,26793";"109,9493";"44,19941";"162,6033";"25,27326"
"30/05/2025";"-26,43974";"-5,089433";"0,535436";"-0,080138";"-17,00625";"-0,312896";"-1,064993";"-0,656867";"-2,440725";"-200,4804";"1,97115";"-1,153784";"-3,301843";"-316,7473";"44,19941";"95,17348";"0,877635";"13,83909";"19,06428";"5,724572";"79,38617";"0,2850372";"-193,7592";"26,56445";"27,94578";"27,25512";"109,8902";"44,19941";"168,5481";"25,46736"
"31/05/2025";"-22,8113";"-3,096593";"-0,013049";"-0,557751";"-15,97351";"-2,149237";"-1,379089";"-0,406277";"1,012127";"-195,505";"1,337158";"-1,032655";"-3,83948";"-309,9107";"43,48851";"95,17348";"0,877635";"13,83909";"18,99631";"4,741219";"67,85679";"0,3344972";"-187,7287";"26,69305";"27,89897";"27,29601";"109,8902";"43,48851";"164,9078";"25,59792"
"01/06/2025";"-31,45771";"-7,96106";"2,969396";"-0,374271";"-18,32319";"6,822848";"0,065191";"-0,781301";"-1,209601";"-102,1494";"1,236672";"-3,306366";"-9,39096";"-110,879";"1,883448";"94,24216";"0";"0";"0,5943247";"4,596969";"65,2597";"0";"-102,3371";"26,84089";"27,48463";"27,16276";"94,24216";"1,883448";"61,59943";"24,76667"
"02/06/2025";"-31,76891";"-11,86431";"1,586871";"-0,416901";"-21,0454";"3,414972";"-0,957865";"-0,842454";"-4,550595";"-173,1124";"2,117466";"-2,937165";"-8,189349";"-242,0655";"44,19941";"95,17348";"0,877635";"13,83909";"19,25879";"5,62509";"78,84634";"0,0890616";"-173,208";"26,00606";"27,22286";"26,61446";"109,8902";"44,19941";"128,9937";"24,29688"
"03/06/2025";"-34,75758";"-16,08763";"1,375433";"-0,28541";"-19,38842";"3,073628";"-0,99589";"-0,918722";"-5,06299";"-163,8324";"2,293001";"-3,849984";"-11,22603";"-229,223";"44,19941";"95,17348";"0,877635";"13,83909";"19,35068";"5,984797";"82,04189";"0,02371546";"-166,1827";"25,77345";"26,95375";"26,3636";"109,8902";"44,19941";"122,2076";"23,89514"
"04/06/2025";"-28,09741";"-16,02892";"0,10357";"-1,465153";"-21,15288";"-4,042078";"-2,670537";"-0,75298";"-2,935259";"-171,9823";"1,934386";"-1,840283";"-5,399374";"-241,9367";"44,19941";"95,17348";"0,877635";"13,83909";"19,30524";"6,120084";"83,70037";"0,09159838";"-170,5208";"25,92232";"27,00834";"26,46533";"109,8902";"44,19941";"128,902";"24,52917"
"05/06/2025";"-30,21464";"-11,91084";"0,655969";"-0,531127";"-20,7774";"-2,392283";"-2,102904";"-0,811418";"-2,301771";"-168,3508";"1,677718";"-1,582217";"-6,374406";"-240,125";"44,19941";"95,17348";"0,877635";"13,83909";"19,30007";"5,430612";"75,44731";"0,03094441";"-168,4309";"26,04908";"27,09229";"26,57069";"109,8902";"44,19941";"127,905";"24,30486"
"06/06/2025";"-39,90386";"-35,39796";"1,956935";"1,325841";"-16,17549";"9,213065";"-0,343072";"-1,182227";"-2,75058";"-155,1232";"1,440773";"-1,181993";"-4,897668";"-230,4526";"44,19941";"95,23257";"0,877635";"13,83909";"19,65119";"5,455459";"75,67548";"0";"-158,8156";"25,81159";"26,65876";"26,23517";"109,9493";"44,19941";"122,7538";"24,06597"
"07/06/2025";"-26,40514";"-22,02229";"-0,98801";"-1,46252";"-17,8514";"-5,663609";"-4,213557";"-0,678509";"-1,292078";"-160,3588";"1,415329";"-0,747887";"-3,612756";"-232,3012";"43,48851";"95,17348";"0,877635";"13,83909";"19,39187";"5,408328";"76,46491";"0,08809607";"-160,663";"25,77524";"26,60321";"26,18923";"109,8902";"43,48851";"123,8125";"24,30139"
"08/06/2025";"-29,77356";"-8,286056";"1,342936";"-1,050357";"-16,08903";"-2,730964";"-2,167391";"-0,635204";"-0,152368";"-99,5769";"0,9957003";"-2,486314";"-7,301711";"-107,0278";"1,883448";"94,24216";"0";"0";"0,6441022";"4,894753";"69,60862";"0,0008769071";"-99,69312";"26,23924";"26,77397";"26,50661";"94,24216";"1,883448";"59,4599";"24,29028"
"09/06/2025";"-29,70097";"-12,23238";"0,474329";"-1,079292";"-19,89687";"-5,086303";"-2,844662";"-0,680963";"-2,843395";"-171,336";"1,913642";"-2,249888";"-6,178216";"-243,215";"44,19941";"95,23257";"0,877635";"13,83909";"19,63982";"5,694953";"79,50314";"0,1348097";"-169,0787";"25,87682";"26,94316";"26,40999";"109,9493";"44,19941";"129,5939";"24,32743"
"10/06/2025";"-42,3479";"-39,7262";"2,162122";"1,891674";"-13,15624";"12,62748";"-0,110622";"-1,34084";"-5,636554";"-137,2099";"2,324016";"-3,735553";"-11,24407";"-203,8471";"44,19941";"95,23257";"0,877635";"13,83909";"19,85231";"5,345843";"74,78574";"0";"-146,7709";"25,52297";"26,38084";"25,9519";"109,9493";"44,19941";"108,3546";"23,61076"
"11/06/2025";"-23,7977";"-20,21779";"-1,307483";"-1,461897";"-15,06575";"-7,300295";"-4,608897";"-0,64804";"-3,283074";"-154,0889";"2,11855";"-2,16784";"-6,529876";"-220,672";"44,19941";"95,23257";"0,877635";"13,83909";"19,80498";"4,960155";"70,95036";"0,01203235";"-154,9031";"25,49563";"26,35253";"25,92408";"109,9493";"44,19941";"117,3852";"24,23438"
"12/06/2025";"-29,74762";"-15,36628";"-0,165262";"-0,626578";"-18,16895";"-6,628991";"-2,855678";"-0,847149";"-2,986427";"-156,7254";"2,025454";"-2,222678";"-9,478404";"-217,0755";"44,19941";"95,23257";"0,877635";"13,83909";"19,76172";"5,555256";"77,02103";"0";"-159,3472";"25,72433";"26,70659";"26,21546";"109,9493";"44,19941";"115,9881";"24,05243"
"13/06/2025";"-35,38346";"-28,03824";"0,907063";"0,468685";"-17,01992";"1,261305";"-1,341089";"-0,998931";"-2,363052";"-156,5832";"1,533394";"-1,272661";"-5,258773";"-219,9747";"44,19941";"95,23257";"0,877635";"13,83909";"19,68632";"5,568059";"77,71675";"0,05129053";"-160,4431";"25,76711";"26,66248";"26,21479";"109,9493";"44,19941";"117,1719";"24,09167"
"14/06/2025";"-27,24817";"-19,64215";"-0,90518";"-1,215786";"-18,77425";"-6,458406";"-3,532266";"-0,702743";"-1,199094";"-162,09";"1,181045";"-0,762534";"-3,130944";"-228,8045";"43,48851";"95,17348";"0,877635";"13,83909";"19,35388";"5,541517";"77,50598";"0,09118643";"-163,7798";"25,86006";"26,72754";"26,2938";"109,8902";"43,48851";"122,0006";"24,19896"
"15/06/2025";"-30,13416";"-8,785946";"1,283523";"-1,814332";"-18,88669";"-5,638491";"-2,925178";"-0,686614";"-0,155994";"-99,84761";"0,9527254";"-2,386168";"-7,115571";"-106,3692";"1,883448";"94,24216";"0";"0";"0,6356886";"5,531671";"77,82593";"0,002394896";"-99,94278";"26,45984";"26,99179";"26,72581";"94,24216";"1,883448";"59,09399";"24,53333"
"16/06/2025";"-28,72715";"-7,408182";"0,677224";"-1,267677";"-22,5898";"-5,712233";"-2,728059";"-0,666692";"-2,107924";"-174,7091";"1,682828";"-1,908605";"-5,626522";"-255,5553";"44,19941";"95,23257";"0,877635";"13,83909";"19,54363";"5,780586";"80,3514";"0,04864439";"-173,9648";"26,14056";"27,24844";"26,6945";"109,9493";"44,19941";"136,1654";"24,59479"
"17/06/2025";"-24,02106";"-3,557614";"0,816725";"-1,515274";"-24,11644";"-5,221545";"-2,286842";"-0,553719";"-2,313155";"-184,6661";"1,748071";"-1,507378";"-3,695304";"-269,7554";"44,19941";"95,23257";"0,877635";"13,83909";"19,43405";"5,57415";"77,46976";"0,1241703";"-181,2088";"26,31374";"27,49125";"26,90249";"109,9493";"44,19941";"143,7206";"25,17083"
"18/06/2025";"-39,21534";"-31,16615";"2,868198";"1,489183";"-16,93197";"12,63969";"0,560217";"-1,228717";"-3,992376";"-157,8222";"1,864516";"-2,020081";"-6,370018";"-237,226";"44,19941";"95,23257";"0,877635";"13,83909";"19,63795";"5,119333";"70,3138";"0,085038";"-159,5293";"25,9462";"26,87674";"26,41147";"109,9493";"44,19941";"126,3626";"24,31597"
"19/06/2025";"-24,56264";"-18,42441";"-0,292191";"-1,540576";"-18,11059";"-3,737821";"-4,100078";"-0,667592";"-3,81892";"-166,4774";"2,189102";"-2,166688";"-5,928247";"-241,8372";"44,19941";"95,23257";"0,877635";"13,83909";"19,67701";"5,47642";"76,4444";"0,1141215";"-164,2306";"25,70571";"26,71896";"26,21234";"109,9493";"44,19941";"128,8622";"24,61667"
"20/06/2025";"-27,77822";"-11,8669";"0,308693";"-0,542367";"-19,17146";"-3,958637";"-2,440108";"-0,767649";"-4,334351";"-165,1816";"2,157287";"-2,441282";"-7,401911";"-238,6153";"44,19941";"95,23257";"0,877635";"13,83909";"19,67015";"5,280267";"74,05695";"0,0639587";"-165,7628";"25,86111";"26,92961";"26,39536";"109,9493";"44,19941";"127,1429";"24,37257"
"21/06/2025";"-28,62186";"-12,088";"0,513933";"-0,544661";"-18,95757";"-2,074147";"-1,820605";"-0,767759";"-3,487266";"-163,8659";"1,987422";"-2,278103";"-7,573156";"-239,643";"43,48851";"95,17348";"0,877635";"13,83909";"19,34696";"5,116239";"72,475";"0,01483531";"-165,2549";"25,87947";"26,93188";"26,40567";"109,8902";"43,48851";"127,4175";"24,28333"
"22/06/2025";"-32,26381";"-11,39259";"1,994417";"-1,421501";"-16,4206";"0,488319";"-1,297209";"-0,799655";"-1,299899";"-99,7188";"1,276096";"-3,217362";"-9,325821";"-107,758";"1,883448";"94,24216";"0";"0";"0,6477182";"5,410735";"75,31128";"0,0006683177";"-99,86853";"26,16545";"26,79897";"26,48221";"94,24216";"1,883448";"59,86554";"24,13507"
"23/06/2025";"-42,27851";"-40,60369";"1,878031";"1,295254";"-13,71262";"9,383863";"-0,52292";"-1,305125";"-4,484562";"-142,7325";"1,958587";"-2,737535";"-8,562931";"-205,4856";"44,19941";"95,23257";"0,877635";"13,83909";"19,87217";"5,645771";"78,42304";"0";"-149,306";"25,53679";"26,35925";"25,94802";"109,9493";"44,19941";"109,4552";"23,74931"
"24/06/2025";"-24,58489";"-23,49198";"-1,198855";"-1,551425";"-16,15225";"-7,164824";"-4,774402";"-0,692838";"-3,528024";"-155,5121";"1,886099";"-1,787669";"-6,102349";"-227,7672";"44,19941";"95,23257";"0,877635";"13,83909";"19,75479";"5,530993";"77,14645";"0,02740757";"-157,237";"25,51819";"26,40781";"25,963";"109,9493";"44,19941";"121,2172";"24,1941"
"25/06/2025";"-27,98933";"-14,92954";"-0,159308";"-0,120903";"-16,65172";"-5,072762";"-2,277683";"-0,809171";"-3,442985";"-154,1264";"1,97956";"-2,508578";"-8,414399";"-224,7249";"44,19941";"95,23257";"0,877635";"13,83909";"19,74332";"4,855948";"68,52165";"0";"-157,7031";"25,70859";"26,66081";"26,1847";"109,9493";"44,19941";"119,4274";"24,02604"
"26/06/2025";"-31,5033";"-14,22768";"0,237046";"-0,310788";"-16,93808";"-3,517879";"-2,029289";"-0,800227";"-3,479032";"-156,9759";"1,918997";"-2,885016";"-9,171558";"-223,9258";"44,19941";"95,23257";"0,877635";"13,83909";"19,73335";"5,193953";"73,13638";"0,01836024";"-160,172";"25,68188";"26,68671";"26,18429";"109,9493";"44,19941";"119,1913";"23,78021"
"27/06/2025";"-33,08806";"-19,6101";"0,006863";"0,02129";"-16,67841";"-0,914485";"-1,987952";"-0,960749";"-2,983124";"-147,2494";"1,710185";"-2,593881";"-8,998085";"-197,4682";"44,19941";"95,23257";"0,877635";"13,83909";"19,77421";"5,162871";"71,58369";"0";"-155,2756";"25,72093";"26,62571";"26,17332";"109,9493";"44,19941";"105,0051";"23,3816"
"28/06/2025";"-29,95163";"-16,26068";"0,055528";"-0,880745";"-19,60786";"-4,949789";"-3,161689";"-0,83622";"-3,261077";"-163,4";"2,093616";"-2,232116";"-7,954023";"-235,6381";"43,48851";"95,17348";"0,877635";"13,83909";"19,42108";"5,983517";"82,36271";"0,0310556";"-163,9519";"25,78004";"26,82861";"26,30433";"109,8902";"43,48851";"125,6536";"24,17743"
"29/06/2025";"-34,61732";"-13,68335";"2,001574";"-0,877436";"-14,48438";"2,185107";"-1,190816";"-0,865342";"-1,498074";"-98,98757";"1,217786";"-3,117599";"-10,34034";"-107,3566";"1,883448";"94,24216";"0";"0";"0,6670796";"5,468558";"75,96612";"0";"-99,20347";"25,94308";"26,59627";"26,26968";"94,24216";"1,883448";"59,64255";"23,70347"
"30/06/2025";"-33,46116";"-17,65162";"0,05373";"-0,504177";"-16,74939";"-2,832691";"-2,160158";"-0,891098";"-3,181141";"-148,5892";"1,796635";"-2,462528";"-9,425004";"-204,894";"44,19941";"95,23257";"0,877635";"13,83909";"19,80616";"5,23367";"73,7887";"0";"-155,9227";"25,67885";"26,5918";"26,13533";"109,9493";"44,19941";"109,07";"23,44375"
"01/07/2025";"-21,90598";"-8,660152";"0,532628";"-1,716282";"-27,20153";"-6,359218";"-2,843224";"-0,602261";"-2,027215";"-167,2128";"1,921841";"-1,290062";"-4,147629";"-259,5152";"44,19941";"95,23257";"0,877635";"13,83909";"19,64624";"4,886356";"68,96862";"0,183247";"-163,9768";"25,91714";"26,7995";"26,35832";"109,9493";"44,19941";"138,1303";"24,86806"
"02/07/2025";"-33,75294";"-28,28236";"2,901005";"-0,11944";"-26,46472";"5,999538";"-0,880791";"-1,125291";"-3,575344";"-157,4944";"1,789396";"-1,109276";"-3,867354";"-236,8282";"44,19941";"95,23257";"0,877635";"13,83909";"19,67235";"5,377643";"74,87514";"0,07845972";"-156,7253";"25,78992";"26,58847";"26,1892";"109,9493";"44,19941";"126,2406";"24,68993"
"03/07/2025";"-35,18523";"-43,30231";"2,073457";"0,042096";"-18,70799";"9,600598";"-1,566684";"-1,129616";"-2,837998";"-142,429";"1,605608";"-0,265702";"-0,909381";"-198,903";"44,19941";"95,23257";"0,877635";"13,83909";"19,84229";"4,197101";"60,17549";"0,312224";"-138,7078";"25,4343";"25,79124";"25,61277";"109,9493";"44,19941";"106,1388";"24,925"
"04/07/2025";"-18,16337";"-13,34932";"-0,697291";"-2,792708";"-25,80545";"-12,63784";"-5,75891";"-0,526016";"-1,766736";"-153,6273";"1,339572";"-0,589287";"-2,354081";"-222,3395";"44,19941";"95,23257";"0,877635";"13,83909";"19,78253";"4,80866";"67,27154";"0,1392244";"-153,098";"25,63539";"26,27616";"25,95578";"109,9493";"44,19941";"118,4787";"24,59687"
"05/07/2025";"-27,7059";"-5,142484";"1,439907";"-1,463522";"-29,48246";"-7,940678";"-2,956392";"-0,753874";"-3,567431";"-160,8234";"1,897277";"-2,142781";"-7,071835";"-220,8972";"43,48851";"95,17348";"0,877635";"13,83909";"19,38867";"5,586508";"77,44978";"0,04823907";"-162,0199";"25,81078";"26,7756";"26,29319";"109,8902";"43,48851";"117,8505";"24,24757"
"06/07/2025";"-33,63107";"-14,99072";"4,093767";"-0,808601";"-21,00804";"7,868106";"0,248711";"-0,836937";"-3,260105";"-98,66908";"1,505504";"-3,370904";"-7,722132";"-107,0547";"1,883448";"94,24216";"0";"0";"0,6540531";"5,174669";"72,26465";"0,01253838";"-98,77988";"25,65086";"26,28731";"25,96908";"94,24216";"1,883448";"59,47485";"23,97361"
"07/07/2025";"-24,67175";"-18,2129";"0,551606";"-2,673356";"-25,65624";"-6,248876";"-3,507208";"-0,690982";"-3,664309";"-154,9819";"2,15105";"-1,98512";"-5,399939";"-212,9253";"44,19941";"95,23257";"0,877635";"13,83909";"19,80807";"5,453561";"75,58599";"0,1675";"-154,6607";"25,48355";"26,29594";"25,88974";"109,9493";"44,19941";"113,666";"24,17917"
"08/07/2025";"-25,6346";"-5,896331";"1,181817";"-1,584253";"-25,99222";"-6,159616";"-2,731189";"-0,645065";"-3,190836";"-158,2147";"1,96787";"-1,868365";"-5,703951";"-220,7815";"44,19941";"95,23257";"0,877635";"13,83909";"19,74456";"4,478624";"64,46118";"0,0748922";"-157,5813";"25,7114";"26,53362";"26,12251";"109,9493";"44,19941";"117,5198";"24,225"
"09/07/2025";"-44,24305";"-41,59729";"3,133408";"0,978371";"-19,88566";"12,25144";"-0,173964";"-1,369721";"-4,589174";"-132,5273";"2,190086";"-2,267966";"-7,996689";"-185,0473";"44,19941";"95,23257";"0,877635";"13,83909";"20,06431";"5,093046";"71,65685";"0,02295499";"-138,1078";"25,34014";"25,90822";"25,62418";"109,9493";"44,19941";"98,69833";"23,7191"
"10/07/2025";"-41,99367";"-51,72523";"1,47163";"0,50065";"-15,35847";"8,33285";"-2,683808";"-1,282803";"-4,012073";"-126,5252";"2,291291";"-1,669888";"-5,640702";"-162,9898";"44,19941";"95,23257";"0,877635";"13,83909";"20,10315";"5,028286";"71,17557";"0,124498";"-128,0766";"24,91048";"25,24688";"25,07868";"109,9493";"44,19941";"87,20369";"23,86493"
"11/07/2025";"-25,00948";"-24,45856";"-1,399697";"-2,716966";"-21,54409";"-13,09872";"-6,616435";"-0,760143";"-2,782483";"-135,8115";"2,030463";"-2,093664";"-7,640644";"-173,3974";"44,19941";"95,23257";"0,877635";"13,83909";"20,16109";"5,586666";"77,78056";"0,03801529";"-139,6834";"25,04137";"25,62966";"25,33551";"109,9493";"44,19941";"92,75934";"23,42222"
"12/07/2025";"-48,03348";"-43,02639";"2,442939";"1,290378";"-18,86189";"4,987018";"-1,773713";"-1,480506";"-4,013528";"-129,1442";"2,106865";"-2,220057";"-7,029459";"-159,9467";"43,48851";"95,17348";"0,877635";"13,83909";"19,71762";"5,718175";"79,46382";"0,05048666";"-133,3855";"25,11661";"25,5946";"25,35561";"109,8902";"43,48851";"85,56869";"23,62257"
"13/07/2025";"-32,95505";"-33,8823";"1,464677";"0,085894";"-11,51335";"7,473277";"-2,949266";"-0,837068";"-1,925998";"-93,38145";"1,024189";"-2,039924";"-6,135892";"-98,58545";"1,883448";"94,24216";"0";"0";"0,7441227";"5,686078";"77,77479";"0,006104504";"-93,50747";"24,45219";"24,96339";"24,70779";"94,24216";"1,883448";"54,76969";"22,99653"
"14/07/2025";"-38,38548";"-50,51014";"-0,280274";"0,483956";"-11,32502";"0,927674";"-3,288175";"-1,314831";"-3,75601";"-108,2651";"1,897768";"-2,610007";"-9,090756";"-134,498";"44,19941";"95,23257";"0,877635";"13,83909";"20,53407";"4,797195";"67,14689";"0,0001797444";"-118,6895";"24,44795";"24,69836";"24,57315";"109,9493";"44,19941";"72,15764";"22,50972"
"15/07/2025";"-25,69619";"-23,23373";"-1,9848";"-2,742159";"-21,82236";"-19,54254";"-7,495226";"-0,704541";"-2,588989";"-136,5111";"1,88319";"-1,947565";"-6,84722";"-177,8527";"44,19941";"95,23257";"0,877635";"13,83909";"20,08493";"6,109671";"83,80958";"0,1129959";"-140,1258";"24,92164";"25,49403";"25,20783";"109,9493";"44,19941";"94,9498";"23,33125"
"16/07/2025";"-51,76464";"-48,81559";"2,036667";"1,758213";"-15,54865";"6,014335";"-1,787179";"-1,630755";"-3,87942";"-123,5529";"2,164671";"-2,777906";"-8,977333";"-150,9796";"44,19941";"95,23257";"0,877635";"13,83909";"20,21633";"5,780468";"80,13392";"0,03937232";"-127,6337";"24,81542";"25,2282";"25,02181";"109,9493";"44,19941";"80,91541";"22,80174"
"17/07/2025";"-25,85932";"-27,98869";"-1,686953";"-1,187336";"-14,6808";"-7,082221";"-5,389061";"-0,826077";"-2,963121";"-124,7598";"2,109253";"-2,824679";"-10,37587";"-155,8171";"44,19941";"95,23257";"0,877635";"13,83909";"20,47674";"4,193397";"59,84287";"0,04321933";"-129,158";"24,65146";"25,08223";"24,86684";"109,9493";"44,19941";"83,28652";"22,62188"
"18/07/2025";"-47,23676";"-46,83318";"1,141508";"2,240506";"-10,19335";"7,089454";"-1,516426";"-1,488972";"-3,650316";"-111,1079";"1,761165";"-2,530104";"-10,09437";"-134,6164";"44,19941";"95,23257";"0,877635";"13,83909";"20,57096";"4,136119";"60,55489";"0,01078745";"-119,626";"24,56253";"24,79883";"24,68068";"109,9493";"44,19941";"72,31693";"21,98264"
"19/07/2025";"-37,60878";"-53,80888";"-0,927008";"0,520182";"-10,92534";"0,30914";"-4,45639";"-1,343057";"-2,977223";"-114,5803";"1,6708";"-1,433691";"-6,598794";"-138,9786";"43,48851";"95,17348";"0,877635";"13,83909";"20,06722";"4,896981";"69,44101";"0,06811342";"-119,3477";"24,41582";"24,59189";"24,50386";"109,8902";"43,48851";"74,54905";"22,64931"
"20/07/2025";"-35,37261";"-38,53687";"0,643492";"1,799059";"-4,413088";"7,54822";"-2,570489";"-0,947112";"-1,076351";"-91,46159";"1,057655";"-1,264942";"-5,000966";"-97,77531";"1,883448";"94,24216";"0";"0";"0,7850257";"5,108011";"72,02563";"0,10776";"-91,50555";"23,76218";"24,17546";"23,96882";"94,24216";"1,883448";"54,31962";"22,58542"
"21/07/2025";"-21,9672";"-24,98098";"-3,707304";"-2,932677";"-18,61173";"-23,82091";"-7,990032";"-0,677534";"-1,817417";"-126,4796";"1,598991";"-1,215576";"-6,104739";"-158,2826";"44,19941";"95,23257";"0,877635";"13,83909";"20,28514";"5,465688";"75,20835";"0,05716122";"-130,9986";"24,71279";"25,06138";"24,88708";"109,9493";"44,19941";"84,65487";"23,19167"
"22/07/2025";"-37,10733";"-18,54842";"0,629287";"0,501587";"-21,76915";"-10,02833";"-3,601032";"-1,010478";"-3,174858";"-135,3648";"1,7526";"-3,037452";"-10,47299";"-173,9862";"44,19941";"95,23257";"0,877635";"13,83909";"19,98295";"5,62995";"77,85294";"0,001105181";"-143,5562";"25,11107";"25,83328";"25,47218";"109,9493";"44,19941";"92,73592";"22,47326"
"23/07/2025";"-36,76532";"-40,45855";"0,770381";"0,497708";"-14,556";"4,214895";"-2,045671";"-1,187718";"-3,826415";"-126,0304";"2,01552";"-3,199231";"-10,13768";"-159,5473";"44,19941";"95,23257";"0,877635";"13,83909";"20,23663";"4,695848";"67,24749";"0,01402882";"-131,5313";"24,72422";"25,24297";"24,9836";"109,9493";"44,19941";"85,22636";"22,53819"
"24/07/2025";"-46,07194";"-54,79808";"1,096574";"1,077608";"-11,03523";"7,311844";"-2,291341";"-1,476417";"-5,058992";"-106,7252";"2,065117";"-3,590196";"-11,06835";"-130,977";"44,19941";"95,23257";"0,877635";"13,83909";"20,67507";"5,107592";"72,82007";"0";"-118,5619";"24,43258";"24,75865";"24,59562";"109,9493";"44,19941";"70,49507";"22,17188"
"25/07/2025";"-46,71927";"-55,71096";"0,274261";"1,092308";"-9,632907";"3,052712";"-4,046882";"-1,482191";"-5,915144";"-107,3454";"2,223681";"-3,865004";"-13,84825";"-130,3895";"44,19941";"95,17348";"0,877635";"13,83909";"20,33129";"5,910904";"80,86515";"0,02962439";"-116,9422";"24,07414";"24,44627";"24,2602";"109,8902";"44,19941";"70,18565";"21,80347"
"26/07/2025";"-45,93848";"-65,53681";"-1,25108";"0,785419";"-6,602392";"1,630112";"-4,70929";"-1,55499";"-4,303646";"-101,3701";"1,989368";"-2,596071";"-9,873454";"-115,2478";"43,48851";"95,17348";"0,877635";"13,83909";"20,51639";"5,692172";"79,04902";"0,08424062";"-108,9284";"23,8842";"23,99922";"23,94171";"109,8902";"43,48851";"62,49495";"21,95417"
"27/07/2025";"-33,17073";"-40,09616";"-0,705471";"1,713338";"-0,922601";"4,879634";"-3,092094";"-0,897517";"-1,125865";"-90,06696";"1,047311";"-1,429884";"-5,327625";"-95,03865";"1,883448";"94,24216";"0";"0";"0,8226047";"5,116554";"72,07361";"7,642819e-05";"-90,16496";"23,28053";"23,70235";"23,49144";"94,24216";"1,883448";"52,79925";"22,00382"
"28/07/2025";"-28,62801";"-28,84017";"-3,592755";"-1,313699";"-12,49304";"-21,11811";"-7,317359";"-0,838847";"-2,965261";"-108,8858";"1,800507";"-2,89845";"-11,55345";"-128,6868";"44,19941";"95,17348";"0,877635";"13,83909";"20,58108";"5,039171";"71,9778";"0";"-120,784";"24,20527";"24,51912";"24,36219";"109,8902";"44,19941";"69,13523";"21,77431"
"29/07/2025";"-30,16131";"-20,086";"-1,488567";"-0,058401";"-16,98189";"-14,38226";"-4,403035";"-0,960471";"-2,138497";"-121,9271";"1,787777";"-2,58167";"-11,26021";"-154,1635";"44,19941";"95,17348";"0,877635";"13,83909";"20,04697";"4,509099";"64,59099";"0";"-130,9771";"24,83058";"25,29872";"25,06465";"109,8902";"44,19941";"82,397";"22,32431"
"30/07/2025";"-36,62292";"-22,28812";"-0,074308";"-0,800378";"-22,0976";"-9,965549";"-4,255792";"-1,079364";"-3,642872";"-132,784";"2,034912";"-3,683627";"-12,77957";"-165,2474";"44,19941";"95,17348";"0,877635";"13,83909";"19,75299";"6,260544";"85,80136";"0";"-140,8044";"24,96553";"25,71798";"25,34175";"109,8902";"44,19941";"88,30138";"22,37326"
"31/07/2025";"-36,72417";"-25,39976";"0,498635";"0,157441";"-17,4536";"-0,397626";"-2,238668";"-1,180469";"-4,28675";"-118,2437";"2,041229";"-4,512529";"-16,23449";"-146,0172";"44,19941";"95,17348";"0,877635";"13,83909";"20,16084";"4,824013";"67,93599";"0";"-131,7918";"24,85775";"25,52301";"25,19038";"109,8902";"44,19941";"78,49541";"21,88437"
"01/08/2025";"-27,98544";"-15,89488";"-0,120057";"-1,798302";"-24,48642";"-9,530572";"-3,911276";"-0,783903";"-3,773323";"-139,6189";"2,0518";"-3,05827";"-9,003941";"-182,6286";"44,19941";"95,17348";"0,877635";"13,83909";"19,66448";"5,210432";"72,93514";"0,0231347";"-143,9161";"25,13748";"25,83675";"25,48712";"109,8902";"44,19941";"97,32874";"23,28646"
"02/08/2025";"-35,0328";"-18,06366";"1,627712";"-0,032854";"-23,62634";"0,002196";"-1,678238";"-1,112701";"-5,623422";"-131,0328";"2,181653";"-4,480474";"-14,20101";"-170,9479";"43,48851";"95,17348";"0,877635";"13,83909";"19,71813";"5,154082";"72,13502";"0";"-141,5087";"25,03683";"25,87401";"25,45542";"109,8902";"43,48851";"91,44382";"22,45278"
"03/08/2025";"-29,63379";"-12,21735";"2,175463";"-1,384148";"-15,99858";"3,938146";"-0,576927";"-0,653226";"-2,854267";"-96,25196";"1,428213";"-3,616688";"-8,905429";"-101,7096";"1,883448";"94,24216";"0";"0";"0,7214985";"4,607249";"67,14523";"0,0003510642";"-96,36744";"24,70077";"25,31459";"25,00768";"94,24216";"1,883448";"56,50532";"22,775"
"04/08/2025";"-40,51888";"-39,66065";"1,49757";"-0,221694";"-20,04724";"0,616659";"-2,112178";"-1,316473";"-4,91534";"-121,0824";"2,043185";"-3,26374";"-11,80273";"-147,9693";"44,19941";"95,17348";"0,877635";"13,83909";"19,99042";"5,800424";"79,35656";"0,002576155";"-129,8322";"24,7538";"25,30332";"25,02856";"109,8902";"44,19941";"79,68807";"22,56076"
"05/08/2025";"-29,80923";"-24,27229";"-0,298125";"-1,331681";"-20,88625";"-6,79236";"-4,740535";"-0,897385";"-4,716309";"-125,516";"2,171485";"-3,486031";"-11,58167";"-159,0042";"44,19941";"95,17348";"0,877635";"13,83909";"19,95111";"5,108674";"70,9706";"0,006942621";"-133,354";"24,77691";"25,36774";"25,07233";"109,8902";"44,19941";"85,03561";"22,70417"
"06/08/2025";"-33,25105";"-17,58296";"0,409089";"-0,996189";"-22,29601";"-6,861801";"-3,373764";"-0,89401";"-3,693949";"-125,4727";"1,790747";"-2,642816";"-10,89841";"-151,5842";"44,19941";"95,17348";"0,877635";"13,83909";"19,80838";"4,692124";"67,54881";"0";"-136,3796";"25,04033";"25,6124";"25,32636";"109,8902";"44,19941";"81,24536";"22,5059"
"07/08/2025";"-32,63386";"-18,67559";"0,634775";"-1,215848";"-25,87024";"-6,805213";"-3,103884";"-0,954355";"-3,275656";"-139,2894";"1,780132";"-2,381789";"-9,506811";"-172,6926";"44,19941";"95,17348";"0,877635";"13,83909";"19,59645";"5,578022";"77,7299";"0";"-145,4059";"25,20004";"25,92721";"25,56363";"109,8902";"44,19941";"92,27";"22,91424"
"08/08/2025";"-35,39846";"-20,24031";"1,171538";"-1,152786";"-25,27492";"-3,371544";"-2,498106";"-0,988116";"-3,565179";"-135,8044";"1,753607";"-2,656288";"-9,836185";"-174,4173";"44,19941";"95,17348";"0,877635";"13,83909";"19,69304";"5,404601";"75,81213";"0,000110143";"-143,829";"25,22321";"25,92441";"25,57381";"109,8902";"44,19941";"93,11266";"22,60938"
"09/08/2025";"-33,68726";"-16,25255";"1,08192";"-2,069992";"-27,34602";"-6,474";"-3,186857";"-0,890357";"-2,831515";"-143,2691";"1,602028";"-2,333032";"-8,432835";"-187,7525";"43,48851";"95,17348";"0,877635";"13,83909";"19,58364";"5,716381";"81,07079";"0";"-149,3605";"25,34325";"26,1019";"25,72258";"109,8902";"43,48851";"100,1296";"22,84306"
"10/08/2025";"-34,74099";"-11,53963";"3,221104";"-2,0921";"-23,23322";"0,528799";"-1,580284";"-0,844631";"-1,120726";"-97,88644";"0,9229707";"-2,391567";"-7,98236";"-103,7399";"1,883448";"94,24216";"0";"0";"0,6853366";"5,646423";"79,96217";"2,176129e-05";"-97,99495";"25,44315";"25,99323";"25,71819";"94,24216";"1,883448";"57,63326";"23,06979"
"11/08/2025";"-35,48305";"-18,86523";"1,516207";"-1,25564";"-26,96337";"-3,345584";"-2,319731";"-1,052595";"-4,373866";"-138,2864";"1,803342";"-2,772124";"-10,18414";"-179,7258";"44,19941";"95,17348";"0,877635";"13,83909";"19,56583";"5,751082";"80,5393";"0";"-147,3725";"25,31395";"26,11764";"25,71579";"109,8902";"44,19941";"95,7773";"22,77361"
"12/08/2025";"-38,31309";"-23,07062";"1,446747";"-1,225833";"-27,45373";"-2,245039";"-2,285107";"-1,186178";"-3,785843";"-134,3158";"1,726314";"-2,421208";"-11,54978";"-173,4807";"44,19941";"95,17348";"0,877635";"13,83909";"19,67106";"6,129852";"84,81743";"0";"-144,6316";"25,31939";"26,08522";"25,70231";"109,8902";"44,19941";"93,02091";"22,51736"
"13/08/2025";"-41,17665";"-28,19524";"2,055569";"-0,569817";"-25,76257";"1,022866";"-1,863037";"-1,184592";"-4,383317";"-133,2467";"1,600317";"-2,279033";"-10,20473";"-176,2695";"44,19941";"95,17348";"0,877635";"13,83909";"19,65417";"6,126343";"85,1137";"0";"-144,9907";"25,18965";"25,95045";"25,57005";"109,8902";"44,19941";"94,42722";"22,3184"
"14/08/2025";"-32,92081";"-25,97391";"0,762182";"-1,554951";"-23,74117";"-2,584997";"-2,958937";"-0,971711";"-3,592748";"-131,0909";"1,610608";"-2,064106";"-8,454583";"-166,9193";"44,19941";"95,17348";"0,877635";"13,83909";"19,69708";"5,131603";"73,97321";"0";"-140,5591";"25,17475";"25,78539";"25,48007";"109,8902";"44,19941";"89,16753";"22,71806"
"15/08/2025";"-30,23962";"-13,01111";"0,905895";"-2,366122";"-29,49569";"-10,30701";"-3,926528";"-0,745014";"-3,414014";"-152,672";"1,724777";"-2,156045";"-6,869215";"-189,2097";"44,19941";"95,17348";"0,877635";"13,83909";"19,47441";"6,06625";"84,64684";"0,04720696";"-154,7907";"25,44882";"26,28668";"25,86775";"109,8902";"44,19941";"100,929";"23,52986"
"16/08/2025";"-35,49833";"-16,1833";"2,405722";"-0,321465";"-26,33962";"1,338579";"-1,182305";"-1,098157";"-6,224401";"-139,0313";"2,276859";"-4,664671";"-13,07037";"-176,6871";"43,48851";"95,17348";"0,877635";"13,83909";"19,71849";"5,426399";"76,68417";"0,01456303";"-147,8143";"25,28742";"26,22288";"25,75515";"109,8902";"43,48851";"94,36086";"22,87604"
"17/08/2025";"-34,67166";"-14,56887";"2,931446";"-1,270464";"-18,82437";"6,253162";"-0,317166";"-0,913123";"-3,203889";"-96,82138";"1,257764";"-3,812637";"-10,30465";"-103,21";"1,883448";"94,24216";"0";"0";"0,7054182";"5,382332";"76,02895";"0";"-97,04561";"24,92937";"25,61415";"25,27176";"94,24216";"1,883448";"57,33889";"22,47257"
"18/08/2025";"-31,91966";"-19,7156";"0,817233";"-1,573427";"-23,60506";"-6,157933";"-2,679758";"-0,889578";"-4,55162";"-136,7794";"1,923147";"-3,081756";"-10,58792";"-168,8526";"44,19941";"95,17348";"0,877635";"13,83909";"19,6918";"5,237917";"75,17988";"0,007275761";"-142,6705";"25,05172";"25,78793";"25,41982";"109,8902";"44,19941";"90,32003";"22,80035"
"19/08/2025";"-37,11694";"-22,38153";"1,579449";"-0,418794";"-22,62963";"-0,678078";"-1,647453";"-1,127812";"-6,462485";"-128,9729";"2,187256";"-4,782238";"-14,40454";"-155,0391";"44,19941";"95,17348";"0,877635";"13,83909";"19,74129";"5,445001";"77,1339";"0";"-139,7284";"24,92689";"25,74823";"25,33756";"109,8902";"44,19941";"83,08923";"22,24444"
"20/08/2025";"-37,5106";"-26,44933";"0,878302";"-0,937333";"-22,01695";"-1,925215";"-2,169768";"-1,167281";"-5,767516";"-125,1876";"2,154069";"-4,309746";"-14,49767";"-147,5272";"44,19941";"95,17348";"0,877635";"13,83909";"19,84635";"5,634555";"79,62388";"0";"-135,7447";"24,85493";"25,58022";"25,21758";"109,8902";"44,19941";"79,20543";"22,14479"
"21/08/2025";"-40,26588";"-28,90913";"1,375815";"-0,224314";"-18,96439";"1,153815";"-2,111592";"-1,227771";"-5,954487";"-114,0427";"2,410642";"-4,844032";"-20,63116";"-136,8473";"44,19941";"95,17348";"0,877635";"13,83909";"20,33974";"5,224134";"75,63004";"0";"-127,0284";"24,65787";"25,35043";"25,00415";"109,8902";"44,19941";"74,59881";"21,72778"
"22/08/2025";"-40,82718";"-29,01646";"0,98082";"-0,703872";"-20,50724";"-2,341024";"-2,90561";"-1,214872";"-5,992579";"-116,651";"2,334725";"-4,58136";"-19,60317";"-136,4715";"44,19941";"95,17348";"0,877635";"13,83909";"20,04905";"5,95123";"83,27043";"0";"-129,1671";"24,61773";"25,32687";"24,9723";"109,8902";"44,19941";"74,25203";"21,73924"
"23/08/2025";"-37,8278";"-28,49785";"0,589987";"-0,625653";"-18,5413";"-2,304036";"-2,80461";"-1,099443";"-5,308769";"-118,5694";"2,073849";"-4,064389";"-15,2427";"-139,2843";"43,48851";"95,17348";"0,877635";"13,83909";"20,06873";"5,134631";"75,19286";"0";"-130,4659";"24,60931";"25,22992";"24,91961";"109,8902";"43,48851";"75,06579";"21,75937"
"24/08/2025";"-43,15113";"-21,84702";"2,580446";"-0,116547";"-12,95882";"6,071199";"-0,836256";"-1,060656";"-2,826502";"-94,58672";"1,189764";"-3,889639";"-13,58632";"-98,28389";"1,883448";"94,24216";"0";"0";"0,7542527";"6,181129";"86,6188";"0,0004759703";"-94,85822";"24,11623";"24,84751";"24,48187";"94,24216";"1,883448";"54,60216";"21,17188"
"25/08/2025";"-47,17021";"-40,734";"0,91454";"0,194607";"-10,08442";"3,697809";"-1,869079";"-1,457796";"-7,669823";"-93,97172";"2,155604";"-4,17999";"-25,54841";"-99,73959";"44,19941";"95,17348";"0,877635";"13,83909";"22,02727";"5,293045";"75,57328";"0";"-114,7825";"23,77026";"24,36216";"24,06621";"109,8902";"44,19941";"55,41089";"20,07257"
"26/08/2025";"-46,2729";"-40,43893";"0,174406";"-0,204648";"-11,50988";"-1,896878";"-3,727335";"-1,410841";"-5,481913";"-93,70074";"2,068273";"-5,095675";"-24,55913";"-99,94955";"44,19941";"95,17348";"0,877635";"13,83909";"21,89779";"5,866807";"81,65604";"0";"-114,9056";"23,75134";"24,30845";"24,0299";"109,8902";"44,19941";"55,52753";"19,96424"
"27/08/2025";"-43,90317";"-36,49834";"-0,333785";"-0,084116";"-11,56679";"-4,152666";"-3,609487";"-1,341606";"-5,519868";"-94,95771";"1,924442";"-3,781359";"-22,3019";"-101,9954";"44,19941";"95,17348";"0,877635";"13,83909";"21,60135";"5,404205";"76,85356";"0";"-116,5294";"23,8257";"24,34019";"24,08294";"109,8902";"44,19941";"56,66413";"20,0691"
"28/08/2025";"-41,26009";"-37,5289";"0,121207";"0,280575";"-9,511954";"-1,403664";"-2,853564";"-1,349332";"-7,535209";"-93,71223";"2,293612";"-3,718685";"-25,16482";"-101,0211";"44,19941";"95,17348";"0,877635";"13,83909";"21,99838";"4,819927";"69,32713";"0";"-112,1588";"23,73738";"24,25526";"23,99632";"109,8902";"44,19941";"56,12282";"20,47222"
"29/08/2025";"-39,0285";"-36,78048";"-0,934256";"-0,730639";"-13,62117";"-8,415526";"-4,290849";"-1,247691";"-5,146291";"-98,18892";"2,023794";"-3,151508";"-20,38546";"-105,8242";"44,19941";"95,17348";"0,877635";"13,83909";"21,27067";"5,418468";"79,38276";"0";"-117,4038";"24,0247";"24,51144";"24,26807";"109,8902";"44,19941";"58,60003";"20,83715"
"30/08/2025";"-38,26071";"-31,02586";"-0,459076";"-1,328694";"-19,24987";"-11,57969";"-4,141098";"-1,169832";"-4,512329";"-107,4744";"1,901648";"-3,621256";"-15,59867";"-119,485";"43,48851";"95,17348";"0,877635";"13,83909";"20,71127";"6,033434";"85,54475";"0";"-125,9266";"24,46801";"25,03225";"24,75013";"109,8902";"43,48851";"64,99958";"21,43438"
"31/08/2025";"-30,1616";"-18,23991";"1,573318";"0,228918";"-10,4369";"3,880689";"-0,248816";"-0,811564";"-1,047413";"-94,14037";"0,9435264";"-2,292775";"-8,000925";"-98,09094";"1,883448";"94,24216";"0";"0";"0,7700675";"4,113638";"61,29997";"0";"-94,49699";"24,16661";"24,70359";"24,4351";"94,24216";"1,883448";"54,49497";"21,96979"
"01/09/2025";"-31,67508";"-26,77976";"-0,070805";"-1,377534";"-20,20856";"-10,66609";"-3,821871";"-1,080241";"-5,163041";"-105,5077";"2,524545";"-3,156109";"-21,55556";"-125,0177";"44,19941";"95,17348";"0,877635";"13,83909";"20,6389";"4,897614";"73,7398";"0";"-119,2695";"24,59359";"25,11374";"24,85367";"109,8902";"44,19941";"69,45429";"22,31007"
"02/09/2025";"-30,45835";"-27,17428";"0,183593";"-0,839689";"-22,77168";"-6,683719";"-3,157465";"-1,105663";"-4,943127";"-110,7396";"2,158073";"-2,362724";"-17,37782";"-133,8879";"44,19941";"95,17348";"0,877635";"13,83909";"20,1456";"4,914252";"70,01096";"0";"-124,3702";"24,85193";"25,37748";"25,11471";"109,8902";"44,19941";"73,86707";"22,57882"
"03/09/2025";"-34,61547";"-25,77984";"1,074381";"-0,923216";"-23,05026";"-4,749752";"-2,625281";"-1,166616";"-5,053467";"-109,619";"2,19263";"-2,856607";"-19,94789";"-131,0306";"44,19941";"95,17348";"0,877635";"13,83909";"20,36195";"4,937286";"72,76937";"0";"-124,6242";"24,87413";"25,45143";"25,16278";"109,8902";"44,19941";"72,48026";"22,31944"
"04/09/2025";"-37,2317";"-28,25522";"1,304513";"-1,003456";"-23,20705";"-3,258318";"-2,706638";"-1,219666";"-6,0141";"-110,587";"2,310198";"-4,105637";"-19,80315";"-128,9682";"44,19941";"95,17348";"0,877635";"13,83909";"20,53343";"5,518605";"79,88342";"0";"-126,4994";"24,76236";"25,4367";"25,09953";"109,8902";"44,19941";"70,64661";"22,08264"
"05/09/2025";"-36,40042";"-29,23929";"1,197419";"-0,541699";"-21,15134";"-1,020315";"-2,178733";"-1,253652";"-6,055345";"-106,924";"2,437553";"-4,599022";"-21,74857";"-123,4952";"44,19941";"95,23257";"0,877635";"13,83909";"20,93208";"5,067857";"73,45796";"0";"-122,9917";"24,66168";"25,30718";"24,98443";"109,9493";"44,19941";"68,24449";"21,925"
"06/09/2025";"-38,25609";"-30,84782";"1,424623";"-0,322938";"-18,99294";"0,674962";"-2,119458";"-1,296941";"-6,798393";"-102,1938";"2,457391";"-4,741361";"-24,17125";"-115,9877";"43,48851";"95,17348";"0,877635";"13,83909";"20,9503";"5,004659";"73,13036";"0";"-119,3428";"24,45076";"25,11192";"24,78134";"109,8902";"43,48851";"64,43762";"21,55451"
"07/09/2025";"-33,88332";"-21,01541";"2,244824";"0,481385";"-8,653406";"10,5462";"0,431174";"-0,905818";"-3,820042";"-93,3488";"1,33279";"-3,887207";"-11,37141";"-98,25685";"1,883448";"94,24216";"0";"0";"0,7889398";"4,386616";"64,55614";"0";"-93,7869";"23,63234";"24,33577";"23,98405";"94,24216";"1,883448";"54,58714";"21,13958"
"08/09/2025";"-39,06277";"-33,29605";"-0,076338";"-1,391918";"-16,20647";"-8,928312";"-3,558231";"-1,234861";"-5,508462";"-99,79335";"1,993442";"-3,574203";"-18,74138";"-109,4129";"44,19941";"95,23257";"0,877635";"13,83909";"21,70001";"5,274011";"78,50307";"0";"-119,3818";"24,07547";"24,56764";"24,32155";"109,9493";"44,19941";"60,06377";"20,88924"
"09/09/2025";"-39,59154";"-32,65107";"0,401944";"-0,941387";"-18,23235";"-7,582624";"-3,409553";"-1,214274";"-6,209959";"-108,1699";"2,289392";"-4,472754";"-19,38294";"-125,2084";"44,19941";"95,23257";"0,877635";"13,83909";"21,07741";"5,760668";"83,92014";"0";"-123,3986";"24,20152";"24,80609";"24,5038";"109,9493";"44,19941";"68,26243";"21,24097"
"10/09/2025";"-35,32559";"-29,37398";"0,188336";"-1,451189";"-22,69163";"-9,992242";"-3,783848";"-1,157521";"-5,294582";"-118,9878";"2,326182";"-4,420215";"-15,54117";"-144,7192";"44,19941";"95,23257";"0,877635";"13,83909";"20,47468";"6,125878";"86,40988";"0";"-129,6948";"24,56041";"25,20698";"24,88369";"109,9493";"44,19941";"77,71845";"22,11424"
"11/09/2025";"-41,44783";"-30,20937";"1,361285";"-0,570913";"-19,38724";"-2,184161";"-2,238141";"-1,310918";"-5,650111";"-113,0909";"2,155981";"-4,430586";"-18,22506";"-136,1791";"44,19941";"95,23257";"0,877635";"13,83909";"20,82986";"5,357977";"79,3401";"0";"-126,945";"24,44494";"25,08373";"24,76434";"109,9493";"44,19941";"73,63425";"21,23611"
"12/09/2025";"-36,13102";"-28,18687";"0,551243";"-1,181926";"-21,19369";"-6,37332";"-3,382579";"-1,117272";"-3,556913";"-123,0091";"1,90284";"-3,95215";"-13,19719";"-147,742";"44,19941";"95,23257";"0,877635";"13,83909";"20,37991";"5,289137";"78,34133";"0";"-132,229";"24,63404";"25,2142";"24,92412";"109,9493";"44,19941";"79,19444";"21,71007"
"13/09/2025";"-45,10181";"-27,88386";"1,50527";"-1,281224";"-22,9442";"-4,002474";"-3,263719";"-1,336668";"-3,874846";"-113,5426";"1,803815";"-4,607181";"-16,79338";"-136,3665";"43,48851";"95,17348";"0,877635";"13,83909";"20,49055";"6,323795";"89,2211";"0";"-131,6939";"24,6096";"25,29574";"24,95267";"109,8902";"43,48851";"73,56142";"20,7191"
"14/09/2025";"-35,49986";"-20,69743";"2,045541";"-0,79444";"-15,51855";"3,483646";"-1,515348";"-0,915985";"-0,965012";"-94,85288";"0,8052976";"-2,20004";"-7,695993";"-99,21501";"1,883448";"94,24216";"0";"0";"0,7379222";"5,230277";"76,28226";"0";"-94,98692";"24,38217";"24,90504";"24,64361";"94,24216";"1,883448";"55,11945";"21,73715"
"15/09/2025";"-38,15589";"-30,09729";"0,796931";"-1,419979";"-21,83256";"-7,245923";"-3,856331";"-1,13655";"-3,96521";"-118,8571";"1,947208";"-3,141563";"-14,2431";"-146,6999";"44,19941";"95,23257";"0,877635";"13,83909";"20,51461";"5,603954";"81,25351";"0";"-129,082";"24,64047";"25,17348";"24,90697";"109,9493";"44,19941";"79,11736";"21,77604"
"16/09/2025";"-41,30535";"-30,71309";"0,953752";"-0,827147";"-23,23378";"-5,067625";"-3,421962";"-1,257972";"-4,298337";"-119,7415";"1,825222";"-3,111172";"-14,82022";"-145,4835";"44,19941";"95,23257";"0,877635";"13,83909";"20,38831";"6,110143";"86,98045";"0";"-132,3623";"24,70024";"25,33203";"25,01613";"109,9493";"44,19941";"78,48376";"21,49688"
"17/09/2025";"-41,63358";"-30,61786";"1,173873";"-0,860804";"-23,63023";"-3,952352";"-3,105716";"-1,245883";"-4,926759";"-121,9471";"1,882831";"-3,364394";"-14,84592";"-147,2613";"44,19941";"95,23257";"0,877635";"13,83909";"20,20506";"6,221429";"88,11529";"0";"-133,6364";"24,71234";"25,38946";"25,0509";"109,9493";"44,19941";"79,54395";"21,60243"
"18/09/2025";"-41,36047";"-31,01066";"1,538915";"-1,417967";"-24,63209";"-4,653758";"-3,187937";"-1,233849";"-5,343003";"-126,6309";"1,949258";"-4,120346";"-14,17513";"-155,0325";"44,19941";"95,23257";"0,877635";"13,83909";"20,22563";"6,62536";"94,15419";"0,002982592";"-137,6541";"24,70772";"25,46945";"25,08858";"109,9493";"44,19941";"82,95174";"21,68056"
"19/09/2025";"-40,5728";"-31,49754";"1,681824";"-1,609781";"-24,38025";"-4,319033";"-2,766922";"-1,257266";"-5,354393";"-123,9997";"1,929759";"-3,290316";"-14,42781";"-151,2862";"44,19941";"95,23257";"0,877635";"13,83909";"20,31927";"6,27133";"91,1629";"0,0001997446";"-135,6374";"24,79151";"25,5007";"25,1461";"109,9493";"44,19941";"81,3196";"21,8691"
"20/09/2025";"-44,88195";"-32,04707";"2,177955";"-1,397883";"-24,51012";"-2,887994";"-2,775131";"-1,333352";"-5,839666";"-122,6001";"1,73188";"-3,328277";"-13,29479";"-144,5322";"43,48851";"95,17348";"0,877635";"13,83909";"20,12841";"6,53918";"95,10884";"0,0001218781";"-137,6687";"24,78272";"25,50079";"25,14175";"109,8902";"43,48851";"77,65095";"21,44861"
"21/09/2025";"-40,46977";"-23,48393";"2,858115";"-2,170206";"-20,31425";"0,20382";"-2,447929";"-1,076397";"-2,650372";"-95,26482";"1,045262";"-3,633962";"-9,713939";"-98,99084";"1,883448";"94,24216";"0";"0";"0,7224267";"6,882217";"98,21239";"0";"-95,46021";"24,61016";"25,26702";"24,93859";"94,24216";"1,883448";"54,99491";"21,73889"
"22/09/2025";"-34,96121";"-24,41653";"1,368008";"-1,431178";"-26,00622";"-7,839276";"-3,672044";"-1,121417";"-4,692177";"-133,4924";"1,879996";"-3,319789";"-11,02364";"-169,6116";"44,19941";"95,23257";"0,877635";"13,83909";"20,02734";"6,114452";"85,90758";"2,923053e-06";"-141,5309";"24,92877";"25,67946";"25,30412";"109,9493";"44,19941";"90,36943";"22,33819"
"23/09/2025";"-38,22567";"-28,89881";"1,978344";"-1,016136";"-22,44543";"-0,900782";"-1,810147";"-1,266442";"-6,227331";"-124,4949";"2,16809";"-4,108596";"-15,35839";"-157,199";"44,19941";"95,23257";"0,877635";"13,83909";"20,31594";"5,45305";"80,67784";"0,0004192857";"-134,5514";"24,73503";"25,46434";"25,09969";"109,9493";"44,19941";"84,34208";"21,99826"
"24/09/2025";"-40,17334";"-37,31544";"1,980511";"-0,047557";"-19,22395";"3,047362";"-1,590315";"-1,344439";"-5,727601";"-116,469";"2,034577";"-3,380737";"-14,69631";"-141,6228";"44,19941";"95,23257";"0,877635";"13,83909";"20,51804";"5,061391";"75,01379";"0";"-128,6861";"24,57035";"25,15638";"24,86337";"109,9493";"44,19941";"76,22418";"21,79167"
"25/09/2025";"-45,38295";"-51,44942";"1,399971";"-0,755359";"-20,58221";"-0,601207";"-3,669651";"-1,496534";"-5,498061";"-113,5008";"1,951528";"-3,024981";"-13,25015";"-139,5092";"44,19941";"95,23257";"0,877635";"13,83909";"20,58017";"6,811901";"96,93824";"0";"-125,4758";"24,45078";"24,95988";"24,70533";"109,9493";"44,19941";"75,13117";"21,80694"
"26/09/2025";"-34,41169";"-34,39513";"-0,100199";"-1,70119";"-21,63622";"-8,728032";"-5,659428";"-1,167862";"-4,044656";"-121,6514";"1,907818";"-2,999772";"-12,33609";"-150,744";"44,19941";"95,23257";"0,877635";"13,83909";"20,49681";"5,834595";"86,59313";"0,01305794";"-130,5064";"24,59792";"25,13635";"24,86713";"109,9493";"44,19941";"80,70928";"21,94583"
"27/09/2025";"-39,82063";"-27,01168";"1,256228";"-1,14575";"-23,7094";"-7,049872";"-3,994235";"-1,255331";"-4,871903";"-122,733";"1,806455";"-3,68775";"-13,54781";"-150,5229";"43,48851";"95,17348";"0,877635";"13,83909";"19,98752";"5,965637";"89,37354";"0";"-135,9067";"24,77441";"25,46626";"25,12033";"109,8902";"43,48851";"80,55122";"21,59653"
"28/09/2025";"-35,96798";"-19,70935";"2,998417";"-1,244651";"-15,57072";"3,975676";"-0,865955";"-0,91343";"-2,378423";"-94,95713";"0,945649";"-2,983178";"-9,261403";"-98,82816";"1,883448";"94,24216";"0";"0";"0,7276379";"5,105608";"77,91198";"0";"-95,17019";"24,41081";"25,01396";"24,71239";"94,24216";"1,883448";"54,90453";"21,76424"
"29/09/2025";"-35,25245";"-30,9247";"0,96616";"-1,106303";"-20,5282";"-5,001564";"-2,764834";"-1,194914";"-4,476869";"-120,9381";"1,930074";"-2,965106";"-12,76335";"-145,4047";"44,19941";"95,23257";"0,877635";"13,83909";"20,37726";"5,090067";"74,11894";"0,004771617";"-129,9476";"24,62407";"25,1584";"24,89123";"109,9493";"44,19941";"78,09547";"21,9559"
"30/09/2025";"-42,38505";"-31,46949";"0,880484";"-1,207427";"-26,76358";"-8,102065";"-4,249433";"-1,423742";"-4,567627";"-123,1549";"1,817088";"-2,869505";"-14,70719";"-151,57";"44,19941";"95,23257";"0,877635";"13,83909";"20,25929";"7,321843";"99,46259";"0";"-135,9353";"24,79793";"25,52178";"25,15986";"109,9493";"44,19941";"81,57615";"21,61528"
"01/10/2025";"-38,76825";"-30,42695";"1,826623";"-1,79247";"-25,4178";"-5,133925";"-3,458674";"-1,179077";"-4,739988";"-126,304";"1,798725";"-2,849706";"-11,61291";"-153,3092";"44,19941";"95,23257";"0,877635";"13,83909";"20,22145";"5,854814";"88,60021";"0,001275923";"-136,88";"24,88081";"25,50967";"25,19524";"109,9493";"44,19941";"82,09303";"22,05972"
"02/10/2025";"-42,28241";"-31,1295";"1,894485";"-1,628838";"-26,66129";"-4,455976";"-3,198579";"-1,321775";"-4,642452";"-125,9306";"1,825736";"-3,16196";"-13,44396";"-151,1966";"44,19941";"95,23257";"0,877635";"13,83909";"20,19219";"6,469202";"95,45657";"0";"-137,6675";"24,8649";"25,56178";"25,21334";"109,9493";"44,19941";"81,12963";"21,72326"
"03/10/2025";"-40,18554";"-30,24837";"1,749684";"-1,617048";"-28,33912";"-5,104114";"-3,48518";"-1,27099";"-4,334325";"-133,5941";"1,906798";"-3,097746";"-12,2784";"-163,3843";"44,19941";"95,23257";"0,877635";"13,83909";"20,10197";"6,812048";"97,16705";"0";"-141,4863";"24,94371";"25,70277";"25,32324";"109,9493";"44,19941";"87,31808";"22,15833"
"04/10/2025";"-39,74154";"-29,79573";"2,088268";"-1,256673";"-26,46549";"-2,052011";"-2,926251";"-1,262054";"-5,058419";"-130,3951";"2,022369";"-3,637343";"-12,92151";"-161,3528";"43,48851";"95,17348";"0,877635";"13,83909";"19,80525";"6,141868";"90,5269";"0";"-138,995";"24,90705";"25,64649";"25,27677";"109,8902";"43,48851";"86,09637";"22,1066"
"05/10/2025";"-44,54996";"-37,28052";"4,125673";"0,151021";"-15,38474";"13,13694";"-0,393955";"-1,232443";"-3,171525";"-94,15362";"0,960166";"-2,842716";"-8,186068";"-98,35428";"1,883448";"94,24216";"0";"0";"0,7366564";"6,091661";"89,40646";"0,009967804";"-94,29275";"24,20156";"24,7934";"24,49748";"94,24216";"1,883448";"54,64127";"21,85764"
"06/10/2025";"-39,80976";"-42,64285";"0,605149";"-0,861707";"-17,32054";"-1,786021";"-4,613203";"-1,34394";"-5,931066";"-105,6789";"1,928875";"-3,543438";"-14,91155";"-125,1487";"44,19941";"95,23257";"0,877635";"13,83909";"21,04726";"5,468536";"81,90263";"0";"-121,52";"24,13597";"24,59966";"24,36781";"109,9493";"44,19941";"67,86618";"21,08576"
"07/10/2025";"-28,45433";"-29,20345";"-0,681245";"-1,694257";"-21,78644";"-11,06633";"-5,630999";"-0,951803";"-4,191757";"-120,2139";"1,584125";"-2,070521";"-7,866664";"-141,9511";"44,19941";"95,23257";"0,877635";"13,83909";"20,3072";"4,921986";"73,13034";"0,003907719";"-130,2377";"24,60779";"25,02906";"24,81843";"109,9493";"44,19941";"76,08643";"22,21944"
"08/10/2025";"-44,72716";"-40,62476";"2,120262";"1,092056";"-22,14241";"1,597769";"-2,109003";"-1,522359";"-6,108133";"-108,9931";"1,917047";"-2,835717";"-14,2476";"-129,0551";"44,19941";"95,23257";"0,877635";"13,83909";"20,47571";"6,116171";"79,78799";"0";"-124,6541";"24,55906";"25,09296";"24,82601";"109,9493";"44,19941";"70,34157";"21,68681"
"09/10/2025";"-44,37924";"-54,417";"0,965726";"-0,18739";"-19,02704";"0,628027";"-3,907252";"-1,483849";"-5,361089";"-106,4718";"1,785315";"-2,43891";"-11,77535";"-118,7875";"44,19941";"95,23257";"0,877635";"13,83909";"20,85086";"6,288924";"89,67339";"0,0002933122";"-120,8697";"24,27009";"24,64832";"24,4592";"109,9493";"44,19941";"64,50138";"21,67257"
"10/10/2025";"-35,17791";"-37,19733";"-0,217867";"-1,059596";"-22,28995";"-7,852109";"-5,615451";"-1,226058";"-5,401138";"-108,4171";"2,10553";"-2,910546";"-17,07224";"-120,7441";"44,19941";"95,23257";"0,877635";"13,83909";"20,73215";"6,342108";"86,09179";"0";"-122,7449";"24,36986";"24,91162";"24,64074";"109,9493";"44,19941";"66,18921";"21,73403"
"11/10/2025";"-37,42046";"-27,94685";"0,506359";"-1,413687";"-27,48852";"-12,15318";"-4,633111";"-1,211026";"-5,456581";"-127,1611";"1,995362";"-3,351818";"-13,03159";"-145,8438";"43,48851";"95,17348";"0,877635";"13,83909";"19,89932";"7,117468";"98,60967";"0,003841214";"-137,2856";"24,71675";"25,46543";"25,09109";"109,8902";"43,48851";"78,24398";"22,14618"
"12/10/2025";"-40,59961";"-22,86011";"3,10482";"-1,06684";"-18,61312";"2,587464";"-1,594496";"-1,038155";"-4,298131";"-94,61462";"1,294646";"-4,481736";"-11,20583";"-97,7565";"1,883448";"94,24216";"0";"0";"0,7272802";"6,541939";"94,95178";"0";"-94,84147";"24,31026";"25,04398";"24,67712";"94,24216";"1,883448";"54,30917";"21,56528"
"13/10/2025";"-41,50626";"-32,31491";"1,206456";"-1,481577";"-25,93131";"-8,039592";"-4,187271";"-1,297421";"-5,688813";"-124,8912";"2,013355";"-4,079465";"-14,5447";"-140,1918";"44,19941";"95,23257";"0,877635";"13,83909";"20,39317";"7,358449";"99,7192";"0,007038935";"-135,2987";"24,56814";"25,32325";"24,94569";"109,9493";"44,19941";"75,35772";"21,6309"
"14/10/2025";"-48,14925";"-35,04309";"2,159997";"-0,91213";"-26,55006";"-3,832558";"-3,519865";"-1,465144";"-6,333069";"-120,6156";"1,953734";"-3,87004";"-17,08795";"-139,011";"44,19941";"95,23257";"0,877635";"13,83909";"20,47895";"7,825556";"104,8798";"0";"-134,9319";"24,58516";"25,38264";"24,9839";"109,9493";"44,19941";"74,93983";"21,16285"
"15/10/2025";"-50,84229";"-40,52725";"2,387434";"-0,876954";"-25,34794";"-1,567599";"-3,556596";"-1,531333";"-7,641692";"-117,4794";"2,280146";"-5,117442";"-20,90261";"-135,8523";"44,19941";"95,23257";"0,877635";"13,83909";"20,62997";"8,346621";"112,3193";"0";"-131,8568";"24,37708";"25,23243";"24,80475";"109,9493";"44,19941";"73,54086";"20,99688"
"16/10/2025";"-47,37243";"-38,6949";"1,635406";"-1,002134";"-21,49566";"-1,824548";"-3,618104";"-1,397434";"-6,645328";"-114,2729";"1,887989";"-4,607492";"-16,52639";"-125,1623";"44,19941";"95,23257";"0,877635";"13,83909";"20,77168";"6,889415";"98,86063";"0";"-130,5691";"24,30966";"25,01907";"24,66437";"109,9493";"44,19941";"67,65378";"20,65174"
"17/10/2025";"-50,98299";"-40,96147";"1,669669";"-1,330867";"-25,12956";"-5,036411";"-4,605257";"-1,544798";"-7,66179";"-118,8524";"2,07645";"-5,638524";"-18,20564";"-132,9877";"44,19941";"95,23257";"0,877635";"13,83909";"20,71068";"8,695264";"117,2236";"0";"-133,8182";"24,289";"25,12002";"24,70451";"109,9493";"44,19941";"71,46922";"20,70625"
"18/10/2025";"-43,31215";"-35,06359";"1,310035";"-1,369251";"-25,43792";"-6,579204";"-4,882425";"-1,344875";"-6,092253";"-124,3967";"2,162106";"-4,853354";"-15,87091";"-144,1607";"43,48851";"95,17348";"0,877635";"13,83909";"20,1271";"7,624868";"106,2329";"0,006200594";"-134,952";"24,50322";"25,29448";"24,89885";"109,8902";"43,48851";"77,24088";"21,54479"
"19/10/2025";"-38,27817";"-23,47648";"2,665815";"-2,193365";"-21,62518";"-2,56309";"-3,35594";"-1,05285";"-4,026056";"-95,05311";"1,395274";"-4,529162";"-10,19503";"-98,9238";"1,883448";"94,24216";"0";"0";"0,706997";"7,223055";"104,3716";"0,0169492";"-95,16695";"24,50877";"25,22451";"24,86664";"94,24216";"1,883448";"54,95766";"21,99063"
"20/10/2025";"-37,8555";"-25,1116";"1,352641";"-1,161254";"-26,07299";"-7,439947";"-3,708779";"-1,203213";"-5,248008";"-127,1436";"1,91354";"-4,217255";"-12,69545";"-146,2239";"44,19941";"95,23257";"0,877635";"13,83909";"20,16419";"6,372205";"89,19256";"0,0006477111";"-138,9588";"24,80272";"25,56449";"25,18361";"109,9493";"44,19941";"78,26122";"21,84583"
"21/10/2025";"-37,24066";"-26,24144";"1,437532";"-2,814963";"-29,92935";"-10,39766";"-4,621742";"-1,115609";"-4,74482";"-138,9254";"1,678734";"-3,104743";"-9,57064";"-160,47";"44,19941";"95,23257";"0,877635";"13,83909";"20,03992";"7,186214";"102,4419";"0,02084909";"-146,7065";"25,04573";"25,84206";"25,4439";"109,9493";"44,19941";"85,69768";"22,23542"
"22/10/2025";"-37,91483";"-21,85618";"2,225262";"-1,250451";"-30,18843";"-5,517496";"-3,722659";"-1,177413";"-5,254406";"-143,0194";"1,901721";"-3,374321";"-10,57783";"-170,7635";"44,19941";"95,23257";"0,877635";"13,83909";"19,9051";"6,632761";"95,03374";"0,002866124";"-149,4607";"25,19873";"26,07985";"25,63929";"109,9493";"44,19941";"90,89424";"22,46771"
"23/10/2025";"-34,45171";"-25,2661";"2,052047";"-1,386231";"-28,21022";"-1,608633";"-2,991211";"-1,184373";"-5,371782";"-139,5531";"2,08422";"-3,786342";"-11,08813";"-163,1325";"44,19941";"95,23257";"0,877635";"13,83909";"20,0447";"6,002904";"85,96303";"0,02078583";"-145,1084";"25,10364";"25,93106";"25,51735";"109,9493";"44,19941";"87,13615";"22,57292"
"24/10/2025";"-31,14646";"-17,59247";"1,679176";"-2,699323";"-32,58453";"-9,341004";"-4,146978";"-0,939671";"-4,680141";"-153,1787";"1,859117";"-3,217754";"-8,133499";"-184,599";"44,19941";"95,17348";"0,877635";"13,83909";"19,46045";"6,734671";"96,86539";"0,05367221";"-155,865";"25,33244";"26,2646";"25,79852";"109,8902";"44,19941";"98,17908";"23,23403"
"25/10/2025";"-37,42876";"-22,25091";"2,984112";"-1,48298";"-29,85445";"-0,436804";"-2,104623";"-1,236683";"-6,18469";"-136,2432";"1,885116";"-3,649639";"-12,06443";"-160,2603";"43,48851";"95,17348";"0,877635";"13,83909";"19,8152";"6,057572";"88,86406";"0,01014102";"-146,5927";"25,28858";"26,15555";"25,72207";"109,8902";"43,48851";"85,81734";"22,58576"
"26/10/2025";"-36,4654";"-17,36368";"3,533183";"-3,955392";"-32,07696";"-6,576927";"-3,775032";"-0,991266";"-1,935153";"-97,6092";"0,8003853";"-2,086552";"-6,458579";"-101,7206";"1,883448";"94,24216";"0";"0";"0,6460123";"7,605925";"105,5185";"0,03229015";"-97,71085";"25,75674";"26,31568";"26,03621";"94,24216";"1,883448";"56,51143";"23,40208"
"27/10/2025";"-40,46973";"-20,52489";"3,681342";"-2,816232";"-37,59105";"-6,880626";"-3,259451";"-1,087891";"-4,21498";"-157,3729";"1,578825";"-1,974802";"-7,198453";"-192,0594";"44,19941";"95,17348";"0,877635";"13,83909";"19,32394";"8,199962";"113,1906";"0,09700101";"-164,2661";"25,65172";"26,6504";"26,15106";"109,8902";"44,19941";"102,1625";"23,39479"
"28/10/2025";"-38,44385";"-20,43575";"3,556629";"-3,422498";"-40,22622";"-7,416094";"-3,901598";"-1,016596";"-4,094116";"-167,7117";"1,593387";"-1,877253";"-6,215602";"-213,2195";"44,19941";"95,17348";"0,877635";"13,83909";"19,24967";"8,969607";"120,7009";"0,03978935";"-170,8751";"25,76627";"26,85267";"26,30947";"109,8902";"44,19941";"112,9889";"23,63333"
"29/10/2025";"-32,56602";"-21,4764";"4,06061";"-2,512992";"-33,7548";"0,576989";"-2,285236";"-0,953112";"-4,897907";"-156,534";"1,67429";"-1,897047";"-6,327091";"-202,6871";"44,19941";"95,17348";"0,877635";"13,83909";"19,40452";"6,068781";"89,32204";"0,1017013";"-158,6471";"25,73852";"26,59792";"26,16822";"109,8902";"44,19941";"107,4899";"23,85417"
"30/10/2025";"-38,30775";"-20,81729";"3,517315";"-2,440999";"-38,48843";"-3,987285";"-3,313864";"-1,161375";"-5,068145";"-161,034";"1,844033";"-2,21439";"-8,020515";"-214,5264";"44,19941";"95,17348";"0,877635";"13,83909";"19,34938";"8,306503";"111,6194";"0,02412563";"-164,9532";"25,69533";"26,75318";"26,22426";"109,8902";"44,19941";"113,7133";"23,43368"
"31/10/2025";"-42,35622";"-21,94414";"4,113984";"-2,572012";"-37,88883";"-2,292798";"-2,836029";"-1,210244";"-6,043679";"-157,9855";"1,867496";"-3,061279";"-9,719847";"-206,3596";"44,19941";"95,23257";"0,877635";"13,83909";"19,65664";"8,572624";"115,9746";"0,03241741";"-164,6623";"25,58536";"26,68945";"26,1374";"109,9493";"44,19941";"109,2225";"22,9375"
"01/11/2025";"-43,82291";"-32,46313";"3,210818";"-0,650367";"-27,22604";"5,11875";"-1,732238";"-1,371447";"-7,408116";"-139,393";"2,177841";"-3,932786";"-14,59935";"-170,2665";"43,48851";"95,17348";"0,877635";"13,83909";"19,64018";"7,065812";"100,5618";"0,0007243489";"-148,0855";"25,20486";"26,17375";"25,6893";"109,8902";"43,48851";"90,70647";"22,39722"
"02/11/2025";"-39,38338";"-25,1757";"3,193821";"-1,152906";"-20,72217";"6,027689";"-1,774266";"-1,112441";"-4,336271";"-96,49075";"1,375529";"-3,99114";"-10,97672";"-101,1069";"1,883448";"94,24216";"0";"0";"0,6830043";"6,963497";"95,25452";"0,002053072";"-96,65495";"24,9554";"25,69918";"25,32729";"94,24216";"1,883448";"56,17052";"22,4243"
"03/11/2025";"-37,55267";"-30,74298";"1,223846";"-1,087977";"-25,17431";"-4,948668";"-3,665368";"-1,243743";"-6,068333";"-133,3569";"2,221926";"-4,215066";"-14,05715";"-153,502";"44,19941";"95,23257";"0,877635";"13,83909";"20,11555";"7,032837";"96,47337";"0,004866318";"-141,9236";"24,96282";"25,83155";"25,39719";"109,9493";"44,19941";"82,13937";"22,45243"
"04/11/2025";"-38,11412";"-32,4529";"1,490028";"-1,478008";"-25,34803";"-5,50595";"-3,791046";"-1,227734";"-6,111074";"-135,5527";"2,444208";"-5,217974";"-14,26502";"-154,131";"44,19941";"95,23257";"0,877635";"13,83909";"20,09552";"7,128515";"102,8698";"0";"-143,243";"24,99397";"25,89078";"25,44238";"109,9493";"44,19941";"82,19553";"22,4941"
"05/11/2025";"-66,91349";"-66,89688";"3,725409";"1,928781";"-14,57826";"15,57611";"-0,134441";"-1,964335";"-6,817469";"-105,2755";"2,035218";"-4,025241";"-11,40846";"-115,1171";"44,19941";"95,23257";"0,877635";"13,83909";"20,86567";"6,578141";"96,22163";"0";"-118,1071";"24,50486";"24,87886";"24,69186";"109,9493";"44,19941";"62,26621";"21,9441"
"06/11/2025";"-32,0676";"-42,06163";"-1,400198";"-2,486014";"-23,84822";"-14,09346";"-7,816046";"-1,056351";"-4,421376";"-130,5391";"2,07224";"-2,560338";"-10,53121";"-152,7629";"44,19941";"95,23257";"0,877635";"13,83909";"20,22599";"7,785942";"107,2283";"0,03291551";"-136,7733";"24,66974";"25,31328";"24,99151";"109,9493";"44,19941";"81,47099";"22,68507"
"07/11/2025";"-42,93949";"-29,67717";"1,481627";"-2,367005";"-32,77162";"-14,64652";"-5,847203";"-1,267916";"-5,060524";"-143,0906";"1,874681";"-2,615499";"-11,31379";"-170,8921";"44,19941";"95,23257";"0,877635";"13,83909";"19,88803";"9,534237";"124,5044";"0,005192715";"-152,0368";"25,21868";"26,1499";"25,68429";"109,9493";"44,19941";"91,00155";"22,61736"
"08/11/2025";"-45,10178";"-28,88387";"2,579917";"-1,651749";"-32,79652";"-6,73";"-4,293233";"-1,351264";"-5,470756";"-147,4166";"1,926419";"-3,391287";"-12,27468";"-182,2278";"43,48851";"95,17348";"0,877635";"13,83909";"19,51909";"9,287918";"121,6256";"0,004322393";"-155,8351";"25,32011";"26,36318";"25,84164";"109,8902";"43,48851";"96,66454";"22,5566"
"09/11/2025";"-62,03912";"-53,54977";"5,468831";"1,990221";"-15,30864";"21,58157";"0,954179";"-1,63463";"-3,301179";"-94,77195";"1,048335";"-2,348427";"-7,325071";"-100,1102";"1,883448";"94,24216";"0";"0";"0,716996";"8,016943";"108,2663";"0,001189258";"-94,928";"24,45653";"25,04284";"24,74968";"94,24216";"1,883448";"55,61675";"22,44861"
"10/11/2025";"-42,96054";"-64,57178";"-0,320216";"0,105939";"-12,73247";"3,539435";"-4,374813";"-1,361148";"-4,749613";"-107,3899";"1,73378";"-1,861636";"-6,235532";"-129,8022";"44,19941";"95,23257";"0,877635";"13,83909";"20,85571";"5,656108";"79,167";"0,04666113";"-115,0298";"24,27162";"24,38383";"24,32772";"109,9493";"44,19941";"69,64602";"22,50729"
"11/11/2025";"-45,31587";"-61,10093";"-0,031686";"-0,984476";"-17,34772";"-7,346843";"-6,091995";"-1,486749";"-4,472056";"-113,9689";"1,580207";"-1,679846";"-5,622594";"-141,7183";"44,19941";"95,23257";"0,877635";"13,83909";"20,69826";"6,778829";"100,9332";"0,06511644";"-120,6941";"24,4901";"24,67056";"24,58033";"109,9493";"44,19941";"75,5318";"22,6691"
"12/11/2025";"-50,72596";"-61,83455";"0,461535";"1,545676";"-13,66225";"1,396804";"-4,383499";"-1,533888";"-4,626135";"-105,7027";"1,653118";"-1,670727";"-6,516949";"-123,7017";"44,19941";"95,23257";"0,877635";"13,83909";"20,60168";"5,947921";"84,39571";"0,01787063";"-115,0029";"24,39566";"24,52038";"24,45802";"109,9493";"44,19941";"66,34075";"22,50174"
"13/11/2025";"-53,76501";"-70,56311";"-0,082711";"0,289014";"-14,59157";"-1,713658";"-5,174581";"-1,643201";"-4,647138";"-104,755";"1,715144";"-1,820748";"-6,445919";"-119,108";"44,19941";"95,23257";"0,877635";"13,83909";"20,75986";"7,207013";"101,6276";"0,03069914";"-113,2633";"24,22841";"24,33529";"24,28185";"109,9493";"44,19941";"64,0464";"22,56736"
"14/11/2025";"-30,51607";"-33,22709";"-1,531674";"-2,769729";"-26,89652";"-22,96656";"-8,693906";"-1,00277";"-3,898368";"-137,9057";"1,861688";"-2,068078";"-7,831751";"-184,2193";"44,19941";"95,23257";"0,877635";"13,83909";"19,99629";"8,161523";"111,3813";"0,06810912";"-142,9554";"24,80978";"25,4738";"25,14179";"109,9493";"44,19941";"97,3019";"23,01771"
"15/11/2025";"-39,05997";"-26,86704";"1,418984";"-2,013791";"-30,31754";"-13,49683";"-4,856326";"-1,209552";"-4,543003";"-142,952";"1,848339";"-2,858976";"-10,95784";"-187,0874";"43,48851";"95,17348";"0,877635";"13,83909";"19,64557";"8,307141";"113,7159";"0,0004966794";"-151,2449";"25,19868";"26,10714";"25,65291";"109,8902";"43,48851";"99,11462";"22,68819"
"16/11/2025";"-42,44515";"-24,49129";"3,608941";"-1,698694";"-25,2174";"-1,44974";"-2,226287";"-1,182063";"-4,607528";"-96,98652";"1,418969";"-4,099521";"-11,3575";"-103,0872";"1,883448";"94,24216";"0";"0";"0,6552815";"8,090943";"110,1304";"0,01265272";"-97,11906";"25,25097";"26,00356";"25,62726";"94,24216";"1,883448";"57,27065";"22,74688"
"17/11/2025";"-40,18107";"-34,62162";"1,762435";"-0,822613";"-24,21492";"-1,724006";"-2,793923";"-1,31258";"-6,640167";"-130,0995";"2,241784";"-4,254732";"-15,38222";"-154,5765";"44,19941";"95,23257";"0,877635";"13,83909";"20,22242";"6,900496";"97,20551";"0";"-139,9537";"24,97484";"25,81837";"25,39661";"109,9493";"44,19941";"82,58284";"22,32257"
"18/11/2025";"-41,21275";"-30,53332";"1,659071";"-1,301415";"-29,11391";"-6,349103";"-4,11978";"-1,285489";"-6,159909";"-143,443";"2,184438";"-3,86791";"-13,06964";"-192,6871";"44,19941";"95,23257";"0,877635";"13,83909";"19,8701";"8,480668";"111,4957";"0,0001191988";"-150,6803";"25,07576";"26,06904";"25,5724";"109,9493";"44,19941";"101,8615";"22,52847"
"19/11/2025";"-45,85923";"-34,68177";"2,531754";"-1,843396";"-30,68813";"-5,311513";"-3,848783";"-1,415901";"-5,974747";"-143,493";"2,128856";"-4,290449";"-14,04108";"-186,2677";"44,19941";"95,23257";"0,877635";"13,83909";"19,89915";"9,263841";"121,9284";"0,004520495";"-151,2949";"25,12484";"26,13684";"25,63083";"109,9493";"44,19941";"98,4594";"22,27257"
"20/11/2025";"-46,41001";"-33,50455";"2,574858";"-0,276819";"-25,55314";"1,335103";"-2,902974";"-1,47831";"-9,161208";"-129,1295";"2,48406";"-6,830998";"-20,02365";"-162,4455";"44,19941";"95,23257";"0,877635";"13,83909";"20,46597";"8,247094";"109,5523";"4,766861e-05";"-142,4832";"24,82114";"25,8999";"25,36052";"109,9493";"44,19941";"86,64818";"21,73021"
"21/11/2025";"-44,13769";"-35,73279";"1,70948";"-1,469568";"-27,04812";"-4,538634";"-3,90183";"-1,397569";"-6,205052";"-135,6124";"2,115431";"-4,698001";"-14,9174";"-159,1433";"44,19941";"95,23257";"0,877635";"13,83909";"20,13499";"8,573084";"114,0991";"9,553882e-05";"-145,549";"24,90183";"25,86246";"25,38214";"109,9493";"44,19941";"84,75047";"21,96007"
"22/11/2025";"-47,19736";"-33,79319";"2,330252";"-0,875358";"-28,30428";"-3,117684";"-3,747976";"-1,461718";"-6,838916";"-134,81";"2,386398";"-6,395329";"-18,15383";"-164,8517";"43,48851";"95,17348";"0,877635";"13,83909";"19,76644";"9,35767";"119,6197";"0,001474053";"-146,2418";"24,85112";"25,93633";"25,39372";"109,8902";"43,48851";"87,53352";"21,80174"
"23/11/2025";"-36,69144";"-24,98487";"2,536004";"0,086092";"-15,84996";"8,309438";"-1,332226";"-1,074849";"-4,050954";"-95,05368";"1,42712";"-3,878701";"-10,23201";"-100,4133";"1,883448";"94,24216";"0";"0";"0,714608";"6,203793";"82,10233";"0,002398566";"-95,20116";"24,53036";"25,24893";"24,88964";"94,24216";"1,883448";"55,78516";"22,09479"
"24/11/2025";"-64,1554";"-68,21";"2,787641";"0,131351";"-20,88541";"1,831327";"-3,048745";"-1,936681";"-6,162909";"-116,9007";"2,058187";"-3,359404";"-9,802451";"-142,5063";"44,19941";"95,23257";"0,877635";"13,83909";"20,37196";"9,251016";"122,3847";"0,02434582";"-124,8716";"24,51527";"24,95694";"24,7361";"109,9493";"44,19941";"75,86536";"22,36979"
"25/11/2025";"-39,73064";"-42,6638";"0,159667";"-3,027259";"-29,6818";"-15,86783";"-8,425316";"-1,096391";"-5,814571";"-140,5496";"2,250608";"-3,503941";"-11,00028";"-179,7315";"44,19941";"95,23257";"0,877635";"13,83909";"19,99383";"10,46136";"132,0913";"0,05018506";"-146,1617";"24,71982";"25,58245";"25,15113";"109,9493";"44,19941";"95,11395";"22,72917"
"26/11/2025";"-43,74401";"-33,42788";"1,581214";"-1,327425";"-29,69768";"-9,940535";"-5,677437";"-1,305533";"-6,043398";"-146,1302";"2,091033";"-3,351748";"-11,85788";"-189,2239";"44,19941";"95,23257";"0,877635";"13,83909";"19,87838";"9,251863";"121,8447";"0,02666509";"-151,6208";"25,04453";"26,01792";"25,53122";"109,9493";"44,19941";"100,165";"22,55764"
"27/11/2025";"-39,07864";"-31,41116";"1,699137";"-1,602554";"-29,83402";"-7,054357";"-4,857708";"-1,232189";"-6,19881";"-150,1441";"2,085608";"-3,161058";"-10,95403";"-187,2489";"44,19941";"95,23257";"0,877635";"13,83909";"19,84476";"8,500849";"114,2019";"0,01963438";"-154,1198";"25,17836";"26,17528";"25,67682";"109,9493";"44,19941";"99,39838";"22,88611"
"28/11/2025";"-38,78416";"-26,74694";"2,039542";"-1,29202";"-29,8364";"-5,065898";"-3,781038";"-1,193325";"-6,061327";"-150,1508";"1,964978";"-2,94646";"-10,15285";"-184,0958";"44,19941";"95,23257";"0,877635";"13,83909";"19,80436";"7,827501";"106,1174";"0,01654222";"-155,878";"25,31728";"26,31315";"25,81521";"109,9493";"44,19941";"97,70177";"23,01563"
"29/11/2025";"-44,16049";"-27,68299";"2,951761";"-2,057815";"-34,08823";"-5,688821";"-3,886349";"-1,269302";"-6,527725";"-155,8251";"1,989679";"-3,490321";"-11,30443";"-194,1055";"43,48851";"95,17348";"0,877635";"13,83909";"19,44288";"9,664579";"124,3431";"0,01051859";"-161,7629";"25,35645";"26,49023";"25,92334";"109,8902";"43,48851";"102,7923";"22,84375"
"30/11/2025";"-43,64882";"-27,3049";"3,795879";"-2,203477";"-27,90076";"0,740455";"-2,987868";"-1,258081";"-4,027097";"-97,11798";"1,187892";"-3,531093";"-9,938925";"-102,6091";"1,883448";"94,24216";"0";"0";"0,6539331";"8,791771";"113,1082";"0,003242112";"-97,26868";"25,49859";"26,21592";"25,85725";"94,24216";"1,883448";"57,00506";"22,79653"
"01/12/2025";"-40,81185";"-28,35887";"1,644658";"-1,544362";"-25,4479";"-8,47142";"-4,333638";"-1,189903";"-5,440283";"-161,879";"1,997722";"-3,186735";"-9,826069";"-242,2775";"44,19941";"95,23257";"0,877635";"13,83909";"19,64654";"9,08705";"117,7781";"0,02342406";"-164,968";"25,46263";"26,61574";"26,03919";"109,9493";"44,19941";"127,8588";"23,1816"
"02/12/2025";"-36,67388";"-31,39339";"1,268207";"-1,044933";"-20,90354";"-4,811005";"-3,733709";"-1,106903";"-4,847033";"-161,5488";"1,879394";"-2,17423";"-7,55395";"-233,2759";"44,19941";"95,23257";"0,877635";"13,83909";"19,72477";"7,273374";"103,0771";"0,09884976";"-162,4335";"25,60896";"26,62771";"26,11834";"109,9493";"44,19941";"123,3141";"23,47986"
"03/12/2025";"-34,00878";"-24,87562";"1,064231";"0,198299";"-20,68016";"-0,889389";"-2,816155";"-1,108879";"-5,20809";"-155,9776";"1,973053";"-2,473951";"-8,995653";"-224,4281";"44,19941";"95,23257";"0,877635";"13,83909";"19,70797";"6,659915";"85,22945";"0,01388573";"-159,3385";"25,61295";"26,65398";"26,13346";"109,9493";"44,19941";"119,1654";"23,44826"
"04/12/2025";"-56,57977";"-57,49425";"2,627097";"1,33943";"-18,56744";"6,595455";"-1,483086";"-1,755499";"-4,788899";"-140,5072";"1,935554";"-2,538487";"-9,165367";"-193,979";"44,19941";"95,23257";"0,877635";"13,83909";"19,79884";"8,741489";"112,574";"0,00706635";"-145,5992";"25,34937";"26,13447";"25,74192";"109,9493";"44,19941";"102,5395";"23,31493"
"05/12/2025";"-35,21103";"-37,25749";"-0,400645";"-1,891202";"-22,27926";"-10,02932";"-6,290281";"-1,088411";"-4,166067";"-156,0903";"1,845832";"-1,94536";"-7,955318";"-211,9084";"44,19941";"95,23257";"0,877635";"13,83909";"19,72428";"8,710302";"114,6618";"0,01905464";"-159,4223";"25,38111";"26,34986";"25,86548";"109,9493";"44,19941";"111,9894";"23,37917"
"06/12/2025";"-39,98318";"-28,56462";"0,948365";"-1,018474";"-24,93597";"-8,926815";"-4,448738";"-1,224228";"-4,264865";"-162,3972";"1,798727";"-2,412424";"-8,882531";"-206,1943";"43,48851";"95,17348";"0,877635";"13,83909";"19,36657";"8,783226";"117,6289";"0,001165197";"-166,3424";"25,6755";"26,80372";"26,23961";"109,8902";"43,48851";"108,7779";"23,3691"
"07/12/2025";"-43,46803";"-26,15321";"2,317118";"-1,84218";"-25,72804";"-5,619147";"-3,915455";"-1,29696";"-2,714609";"-98,59403";"1,120427";"-3,67493";"-10,72124";"-103,9067";"1,883448";"94,24216";"0";"0";"0,6131793";"9,388918";"118,4767";"0,0002761063";"-98,74227";"26,24483";"26,97125";"26,60804";"94,24216";"1,883448";"57,72595";"23,49653"
"08/12/2025";"-40,22939";"-23,29665";"1,911898";"-0,633407";"-27,94911";"-5,16077";"-3,628406";"-1,233778";"-5,300542";"-173,4608";"2,021342";"-3,132439";"-9,354989";"-243,8108";"44,19941";"95,23257";"0,877635";"13,83909";"19,49873";"9,383236";"118,2027";"0,0211325";"-175,3749";"25,86296";"27,18019";"26,52157";"109,9493";"44,19941";"128,8738";"23,61667"
"09/12/2025";"-38,27976";"-23,72008";"1,849946";"-0,778562";"-26,99056";"-2,55476";"-3,08808";"-1,230539";"-5,076896";"-170,7965";"1,988008";"-3,15214";"-9,517537";"-246,2662";"44,19941";"95,23257";"0,877635";"13,83909";"19,5485";"8,811666";"110,8761";"0,1152192";"-172,7083";"25,85195";"27,13552";"26,49374";"109,9493";"44,19941";"130,4106";"23,61076"
"10/12/2025";"-49,29273";"-37,8029";"3,158746";"0,514198";"-22,04067";"4,826913";"-1,333565";"-1,452896";"-5,784824";"-154,61";"1,986628";"-3,23605";"-10,20844";"-223,2679";"44,19941";"95,23257";"0,877635";"13,83909";"19,67166";"8,129749";"110,6861";"0,001127744";"-161,8275";"25,66506";"26,76156";"26,21331";"109,9493";"44,19941";"117,7452";"23,33854"
"11/12/2025";"-34,91779";"-38,17568";"0,866289";"-1,237358";"-18,87416";"-0,919149";"-3,396864";"-1,100613";"-5,829139";"-150,2579";"2,314447";"-3,662499";"-10,58391";"-200,5726";"44,19941";"95,23257";"0,877635";"13,83909";"19,86476";"7,212001";"100,6204";"0,008022404";"-154,5759";"25,39003";"26,38031";"25,88517";"109,9493";"44,19941";"105,854";"23,42326"
"12/12/2025";"-38,73311";"-28,18492";"1,234889";"-1,097527";"-26,13013";"-8,209251";"-4,171642";"-1,192439";"-6,238622";"-168,2704";"2,474755";"-3,427111";"-10,18351";"-256,9049";"44,19941";"95,23257";"0,877635";"13,83909";"19,62817";"9,467364";"119,8249";"0,05639964";"-169,3484";"25,60733";"26,84768";"26,2275";"109,9493";"44,19941";"135,5517";"23,68507"
"13/12/2025";"-39,4175";"-28,43772";"1,66671";"-1,126018";"-25,92978";"-5,154585";"-3,636024";"-1,18804";"-5,47178";"-169,2249";"2,091268";"-2,661958";"-8,541056";"-241,208";"43,48851";"95,17348";"0,877635";"13,83909";"19,32368";"9,007686";"116,9084";"0,103946";"-170,3942";"25,72419";"26,93337";"26,32878";"109,8902";"43,48851";"127,4713";"23,64514"
"14/12/2025";"-43,6978";"-27,4888";"2,76665";"-1,957724";"-23,99393";"-2,627211";"-3,467348";"-1,259732";"-2,443154";"-98,63158";"1,032004";"-3,311453";"-9,568579";"-106,1156";"1,883448";"94,24216";"0";"0";"0,6135134";"8,788235";"114,7515";"0";"-98,81997";"26,18614";"26,89";"26,53807";"94,24216";"1,883448";"58,95312";"23,37083"
"15/12/2025";"-62,5231";"-55,84897";"3,606353";"1,678251";"-19,78753";"9,380901";"-1,609906";"-1,840292";"-5,310384";"-141,7947";"1,785215";"-2,452546";"-8,890729";"-192,9534";"44,19941";"95,23257";"0,877635";"13,83909";"19,746";"9,110668";"118,0485";"0,009167165";"-149,7388";"25,49624";"26,33921";"25,91772";"109,9493";"44,19941";"101,9221";"23,07257"
"16/12/2025";"-57,37325";"-66,53761";"1,156595";"0,915732";"-14,83743";"6,824729";"-4,362278";"-1,722336";"-4,304715";"-127,5381";"1,621961";"-2,092101";"-8,059508";"-163,1188";"44,19941";"95,23257";"0,877635";"13,83909";"19,94173";"8,71089";"114,0078";"0";"-137,538";"25,03662";"25,62815";"25,33238";"109,9493";"44,19941";"86,30086";"22,6875"
"17/12/2025";"-34,69868";"-40,31368";"-1,382157";"-1,736423";"-21,66405";"-13,46283";"-8,284481";"-1,077709";"-3,526804";"-151,7016";"1,781333";"-1,754353";"-7,110521";"-203,9839";"44,19941";"95,23257";"0,877635";"13,83909";"19,87315";"9,101827";"117,0527";"0,06234309";"-155,1097";"25,26786";"26,14068";"25,70427";"109,9493";"44,19941";"107,7579";"23,225"
"18/12/2025";"-39,451";"-27,00667";"0,759626";"-0,730909";"-25,242";"-10,77698";"-5,594029";"-1,186523";"-3,579594";"-162,8025";"1,81518";"-2,186579";"-8,027469";"-226,2706";"44,19941";"95,23257";"0,877635";"13,83909";"19,69125";"8,964333";"114,6873";"0,06609394";"-165,5684";"25,66709";"26,75035";"26,20872";"109,9493";"44,19941";"119,4795";"23,34514"
"19/12/2025";"-36,83057";"-30,01367";"1,043956";"-1,328519";"-23,3788";"-6,813691";"-4,406742";"-1,139959";"-3,729485";"-163,3182";"1,576294";"-1,77524";"-6,033216";"-228,0895";"44,19941";"95,23257";"0,877635";"13,83909";"19,63907";"7,628919";"108,1889";"0,04017777";"-165,76";"25,79955";"26,79984";"26,2997";"109,9493";"44,19941";"120,2791";"23,49479"
"20/12/2025";"-37,34879";"-23,08594";"1,419712";"-0,768455";"-24,79695";"-4,649144";"-3,901963";"-1,177768";"-4,077295";"-161,3103";"1,577046";"-2,22738";"-7,49299";"-229,7333";"43,48851";"95,17348";"0,877635";"13,83909";"19,32345";"7,623911";"104,07";"0";"-167,7164";"25,89848";"26,99057";"26,44452";"109,8902";"43,48851";"121,1227";"23,33229"
"21/12/2025";"-28,98288";"-17,33079";"2,014659";"-0,438053";"-16,01478";"4,189366";"-1,620974";"-0,854607";"-1,717092";"-98,64098";"0,9226843";"-2,183436";"-6,441186";"-106,5511";"1,883448";"94,24216";"0";"0";"0,6251854";"4,92016";"69,02424";"0,03597162";"-98,75554";"26,01872";"26,58209";"26,30041";"94,24216";"1,883448";"59,19505";"23,95313"
"22/12/2025";"-55,55507";"-57,73733";"2,670321";"0,656255";"-20,36548";"3,883439";"-1,682965";"-1,711016";"-3,674461";"-145,7776";"1,75691";"-1,514191";"-5,331858";"-207,49";"44,19941";"95,23257";"0,877635";"13,83909";"19,77391";"8,764684";"114,8084";"0,08294116";"-148,354";"25,58118";"26,28524";"25,93321";"109,9493";"44,19941";"109,5678";"23,91146"
"23/12/2025";"-27,50312";"-29,87562";"-0,479282";"-2,658432";"-25,6812";"-13,59232";"-6,82115";"-0,847467";"-3,509089";"-173,096";"1,818277";"-1,045432";"-3,236846";"-251,8141";"44,19941";"95,17348";"0,877635";"13,83909";"19,32154";"8,522575";"113,5092";"0,1939709";"-170,5435";"25,73703";"26,76616";"26,25159";"109,8902";"44,19941";"132,9662";"24,45243"
"24/12/2025";"-48,52333";"-48,02983";"2,789967";"2,139474";"-13,76434";"11,34989";"-0,610873";"-1,46085";"-4,942552";"-139,1522";"2,015111";"-2,094439";"-5,962231";"-195,4657";"44,19941";"95,17348";"0,877635";"13,83909";"19,60151";"5,530566";"79,75758";"0,09623268";"-142,1849";"25,50681";"26,13484";"25,82083";"109,8902";"44,19941";"103,4901";"23,92153"
"25/12/2025";"-29,46027";"-33,40552";"-0,659487";"-2,569905";"-23,13386";"-12,94778";"-6,463021";"-0,924231";"-3,906711";"-157,5945";"1,890951";"-1,762043";"-6,0517";"-223,1002";"44,19941";"95,17348";"0,877635";"13,83909";"19,46608";"7,999441";"110,3489";"0,03622294";"-160,3518";"25,58171";"26,5045";"26,0431";"109,8902";"44,19941";"117,4702";"24,06181"
"26/12/2025";"-34,28688";"-23,35524";"1,10826";"-1,582407";"-28,30901";"-11,4105";"-4,787398";"-1,001204";"-3,961751";"-177,6859";"2,059708";"-1,614028";"-5,165305";"-256,5498";"44,19941";"95,17348";"0,877635";"13,83909";"19,29169";"9,053371";"116,8436";"0,1531502";"-175,9216";"25,93624";"27,1292";"26,53272";"109,8902";"44,19941";"135,6208";"24,32431"
"27/12/2025";"-34,73806";"-20,84588";"1,861114";"-2,076231";"-29,49811";"-8,291122";"-4,306915";"-1,000601";"-3,670739";"-180,7552";"1,594534";"-1,221312";"-3,885537";"-260,6631";"43,48851";"95,17348";"0,877635";"13,83909";"19,19578";"8,665744";"115,9901";"0,1363734";"-180,1503";"26,18872";"27,38969";"26,78921";"109,8902";"43,48851";"137,6288";"24,3566"
"28/12/2025";"-39,52943";"-18,03666";"3,147994";"-1,924379";"-28,80121";"-3,901107";"-3,935202";"-1,213012";"-2,066661";"-100,4843";"0,9656451";"-3,082763";"-8,263638";"-108,0116";"1,883448";"94,24216";"0";"0";"0,5711862";"8,329952";"105,7454";"0,02188805";"-100,6119";"26,8785";"27,54624";"27,21237";"94,24216";"1,883448";"60,00642";"24,16736"
"29/12/2025";"-33,86209";"-20,15644";"2,406564";"-0,660716";"-25,90069";"0,473341";"-2,503683";"-1,071114";"-4,873384";"-172,5029";"1,846189";"-2,042191";"-6,361378";"-251,3225";"44,19941";"95,17348";"0,877635";"13,83909";"19,23727";"6,967651";"95,55967";"0,07082449";"-173,3882";"26,15758";"27,3443";"26,75094";"109,8902";"44,19941";"132,9509";"24,2066"
"30/12/2025";"-31,18745";"-18,53475";"1,718887";"-1,781329";"-30,73689";"-5,859065";"-3,485022";"-1,039067";"-4,316628";"-186,024";"1,980307";"-1,44598";"-3,991738";"-277,6116";"44,19941";"95,17348";"0,877635";"13,83909";"19,16654";"8,663767";"110,6878";"0,2090731";"-183,4759";"26,23148";"27,52908";"26,88028";"109,8902";"44,19941";"147,0056";"24,7066"
"31/12/2025";"-34,97596";"-14,52937";"2,975014";"-2,516207";"-35,43458";"-8,609621";"-3,615723";"-1,048187";"-4,62771";"-200,8422";"1,931667";"-1,878";"-4,027723";"-310,7472";"44,19941";"95,17348";"0,877635";"13,83909";"19,03737";"10,09135";"129,61";"0,2474604";"-195,9723";"26,44377";"27,91842";"27,1811";"109,8902";"44,19941";"164,3652";"24,87431"
